zone_id,day,hour,occupancy,is_weekend
Z1,1,0,24,0
Z1,1,1,26,0
Z1,1,2,19,0
Z1,1,3,20,0
Z1,1,4,10,0
Z1,1,5,14,0
Z1,1,6,26,0
Z1,1,7,27,0
Z1,1,8,21,0
Z1,1,9,77,0
Z1,1,10,81,0
Z1,1,11,70,0
Z1,1,12,82,0
Z1,1,13,89,0
Z1,1,14,87,0
Z1,1,15,85,0
Z1,1,16,82,0
Z1,1,17,89,0
Z1,1,18,12,0
Z1,1,19,26,0
Z1,1,20,16,0
Z1,1,21,12,0
Z1,1,22,11,0
Z1,1,23,23,0
Z1,2,0,25,0
Z1,2,1,28,0
Z1,2,2,27,0
Z1,2,3,17,0
Z1,2,4,14,0
Z1,2,5,25,0
Z1,2,6,18,0
Z1,2,7,20,0
Z1,2,8,12,0
Z1,2,9,78,0
Z1,2,10,80,0
Z1,2,11,89,0
Z1,2,12,74,0
Z1,2,13,75,0
Z1,2,14,75,0
Z1,2,15,70,0
Z1,2,16,74,0
Z1,2,17,72,0
Z1,2,18,30,0
Z1,2,19,13,0
Z1,2,20,23,0
Z1,2,21,17,0
Z1,2,22,25,0
Z1,2,23,11,0
Z1,3,0,26,0
Z1,3,1,15,0
Z1,3,2,20,0
Z1,3,3,23,0
Z1,3,4,29,0
Z1,3,5,22,0
Z1,3,6,15,0
Z1,3,7,13,0
Z1,3,8,28,0
Z1,3,9,84,0
Z1,3,10,77,0
Z1,3,11,81,0
Z1,3,12,73,0
Z1,3,13,74,0
Z1,3,14,70,0
Z1,3,15,79,0
Z1,3,16,81,0
Z1,3,17,72,0
Z1,3,18,27,0
Z1,3,19,20,0
Z1,3,20,29,0
Z1,3,21,29,0
Z1,3,22,28,0
Z1,3,23,30,0
Z1,4,0,10,0
Z1,4,1,28,0
Z1,4,2,21,0
Z1,4,3,16,0
Z1,4,4,16,0
Z1,4,5,30,0
Z1,4,6,16,0
Z1,4,7,17,0
Z1,4,8,21,0
Z1,4,9,73,0
Z1,4,10,70,0
Z1,4,11,79,0
Z1,4,12,78,0
Z1,4,13,78,0
Z1,4,14,90,0
Z1,4,15,73,0
Z1,4,16,74,0
Z1,4,17,70,0
Z1,4,18,29,0
Z1,4,19,28,0
Z1,4,20,30,0
Z1,4,21,10,0
Z1,4,22,17,0
Z1,4,23,15,0
Z1,5,0,19,0
Z1,5,1,10,0
Z1,5,2,19,0
Z1,5,3,28,0
Z1,5,4,15,0
Z1,5,5,13,0
Z1,5,6,16,0
Z1,5,7,24,0
Z1,5,8,23,0
Z1,5,9,84,0
Z1,5,10,71,0
Z1,5,11,83,0
Z1,5,12,80,0
Z1,5,13,89,0
Z1,5,14,87,0
Z1,5,15,76,0
Z1,5,16,84,0
Z1,5,17,77,0
Z1,5,18,12,0
Z1,5,19,27,0
Z1,5,20,11,0
Z1,5,21,22,0
Z1,5,22,18,0
Z1,5,23,17,0
Z1,6,0,24,1
Z1,6,1,12,1
Z1,6,2,26,1
Z1,6,3,16,1
Z1,6,4,15,1
Z1,6,5,30,1
Z1,6,6,26,1
Z1,6,7,18,1
Z1,6,8,29,1
Z1,6,9,75,1
Z1,6,10,81,1
Z1,6,11,78,1
Z1,6,12,78,1
Z1,6,13,79,1
Z1,6,14,70,1
Z1,6,15,77,1
Z1,6,16,72,1
Z1,6,17,70,1
Z1,6,18,26,1
Z1,6,19,17,1
Z1,6,20,28,1
Z1,6,21,15,1
Z1,6,22,30,1
Z1,6,23,16,1
Z1,7,0,20,1
Z1,7,1,12,1
Z1,7,2,15,1
Z1,7,3,20,1
Z1,7,4,25,1
Z1,7,5,20,1
Z1,7,6,13,1
Z1,7,7,27,1
Z1,7,8,15,1
Z1,7,9,81,1
Z1,7,10,77,1
Z1,7,11,89,1
Z1,7,12,70,1
Z1,7,13,87,1
Z1,7,14,75,1
Z1,7,15,70,1
Z1,7,16,90,1
Z1,7,17,80,1
Z1,7,18,13,1
Z1,7,19,26,1
Z1,7,20,24,1
Z1,7,21,11,1
Z1,7,22,16,1
Z1,7,23,15,1
Z1,8,0,29,0
Z1,8,1,29,0
Z1,8,2,17,0
Z1,8,3,12,0
Z1,8,4,19,0
Z1,8,5,30,0
Z1,8,6,28,0
Z1,8,7,22,0
Z1,8,8,14,0
Z1,8,9,81,0
Z1,8,10,71,0
Z1,8,11,72,0
Z1,8,12,73,0
Z1,8,13,76,0
Z1,8,14,87,0
Z1,8,15,85,0
Z1,8,16,71,0
Z1,8,17,74,0
Z1,8,18,22,0
Z1,8,19,12,0
Z1,8,20,17,0
Z1,8,21,25,0
Z1,8,22,21,0
Z1,8,23,15,0
Z1,9,0,20,0
Z1,9,1,12,0
Z1,9,2,17,0
Z1,9,3,13,0
Z1,9,4,20,0
Z1,9,5,13,0
Z1,9,6,23,0
Z1,9,7,21,0
Z1,9,8,19,0
Z1,9,9,70,0
Z1,9,10,85,0
Z1,9,11,73,0
Z1,9,12,81,0
Z1,9,13,75,0
Z1,9,14,79,0
Z1,9,15,80,0
Z1,9,16,70,0
Z1,9,17,87,0
Z1,9,18,21,0
Z1,9,19,10,0
Z1,9,20,10,0
Z1,9,21,25,0
Z1,9,22,17,0
Z1,9,23,30,0
Z1,10,0,15,0
Z1,10,1,30,0
Z1,10,2,17,0
Z1,10,3,21,0
Z1,10,4,27,0
Z1,10,5,19,0
Z1,10,6,23,0
Z1,10,7,21,0
Z1,10,8,24,0
Z1,10,9,88,0
Z1,10,10,81,0
Z1,10,11,89,0
Z1,10,12,87,0
Z1,10,13,81,0
Z1,10,14,89,0
Z1,10,15,74,0
Z1,10,16,79,0
Z1,10,17,80,0
Z1,10,18,13,0
Z1,10,19,25,0
Z1,10,20,21,0
Z1,10,21,27,0
Z1,10,22,27,0
Z1,10,23,15,0
Z1,11,0,15,0
Z1,11,1,10,0
Z1,11,2,20,0
Z1,11,3,30,0
Z1,11,4,18,0
Z1,11,5,20,0
Z1,11,6,11,0
Z1,11,7,11,0
Z1,11,8,21,0
Z1,11,9,77,0
Z1,11,10,85,0
Z1,11,11,79,0
Z1,11,12,78,0
Z1,11,13,83,0
Z1,11,14,70,0
Z1,11,15,72,0
Z1,11,16,90,0
Z1,11,17,74,0
Z1,11,18,12,0
Z1,11,19,20,0
Z1,11,20,19,0
Z1,11,21,21,0
Z1,11,22,12,0
Z1,11,23,13,0
Z1,12,0,29,0
Z1,12,1,27,0
Z1,12,2,10,0
Z1,12,3,30,0
Z1,12,4,26,0
Z1,12,5,24,0
Z1,12,6,30,0
Z1,12,7,17,0
Z1,12,8,15,0
Z1,12,9,85,0
Z1,12,10,82,0
Z1,12,11,88,0
Z1,12,12,70,0
Z1,12,13,87,0
Z1,12,14,71,0
Z1,12,15,74,0
Z1,12,16,83,0
Z1,12,17,78,0
Z1,12,18,24,0
Z1,12,19,23,0
Z1,12,20,22,0
Z1,12,21,25,0
Z1,12,22,26,0
Z1,12,23,19,0
Z1,13,0,30,1
Z1,13,1,23,1
Z1,13,2,17,1
Z1,13,3,26,1
Z1,13,4,15,1
Z1,13,5,16,1
Z1,13,6,15,1
Z1,13,7,28,1
Z1,13,8,28,1
Z1,13,9,75,1
Z1,13,10,82,1
Z1,13,11,75,1
Z1,13,12,90,1
Z1,13,13,73,1
Z1,13,14,88,1
Z1,13,15,83,1
Z1,13,16,86,1
Z1,13,17,71,1
Z1,13,18,27,1
Z1,13,19,15,1
Z1,13,20,29,1
Z1,13,21,19,1
Z1,13,22,24,1
Z1,13,23,26,1
Z1,14,0,11,1
Z1,14,1,18,1
Z1,14,2,21,1
Z1,14,3,29,1
Z1,14,4,29,1
Z1,14,5,27,1
Z1,14,6,18,1
Z1,14,7,18,1
Z1,14,8,16,1
Z1,14,9,71,1
Z1,14,10,79,1
Z1,14,11,80,1
Z1,14,12,75,1
Z1,14,13,86,1
Z1,14,14,78,1
Z1,14,15,76,1
Z1,14,16,90,1
Z1,14,17,73,1
Z1,14,18,12,1
Z1,14,19,27,1
Z1,14,20,12,1
Z1,14,21,19,1
Z1,14,22,15,1
Z1,14,23,25,1
Z1,15,0,12,0
Z1,15,1,10,0
Z1,15,2,22,0
Z1,15,3,11,0
Z1,15,4,12,0
Z1,15,5,24,0
Z1,15,6,15,0
Z1,15,7,12,0
Z1,15,8,26,0
Z1,15,9,71,0
Z1,15,10,80,0
Z1,15,11,84,0
Z1,15,12,73,0
Z1,15,13,86,0
Z1,15,14,87,0
Z1,15,15,87,0
Z1,15,16,80,0
Z1,15,17,86,0
Z1,15,18,15,0
Z1,15,19,22,0
Z1,15,20,22,0
Z1,15,21,29,0
Z1,15,22,11,0
Z1,15,23,22,0
Z1,16,0,28,0
Z1,16,1,30,0
Z1,16,2,30,0
Z1,16,3,16,0
Z1,16,4,26,0
Z1,16,5,24,0
Z1,16,6,11,0
Z1,16,7,18,0
Z1,16,8,22,0
Z1,16,9,75,0
Z1,16,10,85,0
Z1,16,11,84,0
Z1,16,12,72,0
Z1,16,13,74,0
Z1,16,14,75,0
Z1,16,15,70,0
Z1,16,16,89,0
Z1,16,17,88,0
Z1,16,18,18,0
Z1,16,19,28,0
Z1,16,20,15,0
Z1,16,21,19,0
Z1,16,22,20,0
Z1,16,23,27,0
Z1,17,0,22,0
Z1,17,1,23,0
Z1,17,2,20,0
Z1,17,3,23,0
Z1,17,4,23,0
Z1,17,5,25,0
Z1,17,6,28,0
Z1,17,7,24,0
Z1,17,8,11,0
Z1,17,9,73,0
Z1,17,10,79,0
Z1,17,11,72,0
Z1,17,12,72,0
Z1,17,13,85,0
Z1,17,14,87,0
Z1,17,15,72,0
Z1,17,16,85,0
Z1,17,17,79,0
Z1,17,18,10,0
Z1,17,19,12,0
Z1,17,20,15,0
Z1,17,21,22,0
Z1,17,22,15,0
Z1,17,23,20,0
Z1,18,0,28,0
Z1,18,1,12,0
Z1,18,2,15,0
Z1,18,3,13,0
Z1,18,4,21,0
Z1,18,5,17,0
Z1,18,6,10,0
Z1,18,7,13,0
Z1,18,8,20,0
Z1,18,9,88,0
Z1,18,10,70,0
Z1,18,11,75,0
Z1,18,12,87,0
Z1,18,13,90,0
Z1,18,14,84,0
Z1,18,15,79,0
Z1,18,16,74,0
Z1,18,17,85,0
Z1,18,18,18,0
Z1,18,19,15,0
Z1,18,20,18,0
Z1,18,21,16,0
Z1,18,22,14,0
Z1,18,23,12,0
Z1,19,0,27,0
Z1,19,1,12,0
Z1,19,2,18,0
Z1,19,3,17,0
Z1,19,4,25,0
Z1,19,5,24,0
Z1,19,6,10,0
Z1,19,7,10,0
Z1,19,8,23,0
Z1,19,9,81,0
Z1,19,10,73,0
Z1,19,11,81,0
Z1,19,12,76,0
Z1,19,13,85,0
Z1,19,14,78,0
Z1,19,15,79,0
Z1,19,16,90,0
Z1,19,17,84,0
Z1,19,18,28,0
Z1,19,19,28,0
Z1,19,20,21,0
Z1,19,21,14,0
Z1,19,22,17,0
Z1,19,23,16,0
Z1,20,0,26,1
Z1,20,1,26,1
Z1,20,2,20,1
Z1,20,3,20,1
Z1,20,4,16,1
Z1,20,5,11,1
Z1,20,6,23,1
Z1,20,7,26,1
Z1,20,8,22,1
Z1,20,9,89,1
Z1,20,10,86,1
Z1,20,11,80,1
Z1,20,12,71,1
Z1,20,13,87,1
Z1,20,14,88,1
Z1,20,15,83,1
Z1,20,16,74,1
Z1,20,17,73,1
Z1,20,18,22,1
Z1,20,19,30,1
Z1,20,20,28,1
Z1,20,21,25,1
Z1,20,22,26,1
Z1,20,23,19,1
Z1,21,0,11,1
Z1,21,1,17,1
Z1,21,2,29,1
Z1,21,3,19,1
Z1,21,4,28,1
Z1,21,5,17,1
Z1,21,6,11,1
Z1,21,7,28,1
Z1,21,8,28,1
Z1,21,9,79,1
Z1,21,10,86,1
Z1,21,11,74,1
Z1,21,12,85,1
Z1,21,13,75,1
Z1,21,14,82,1
Z1,21,15,83,1
Z1,21,16,71,1
Z1,21,17,88,1
Z1,21,18,27,1
Z1,21,19,17,1
Z1,21,20,21,1
Z1,21,21,19,1
Z1,21,22,19,1
Z1,21,23,11,1
Z1,22,0,15,0
Z1,22,1,27,0
Z1,22,2,22,0
Z1,22,3,17,0
Z1,22,4,28,0
Z1,22,5,25,0
Z1,22,6,28,0
Z1,22,7,17,0
Z1,22,8,16,0
Z1,22,9,72,0
Z1,22,10,78,0
Z1,22,11,84,0
Z1,22,12,81,0
Z1,22,13,79,0
Z1,22,14,71,0
Z1,22,15,82,0
Z1,22,16,85,0
Z1,22,17,77,0
Z1,22,18,15,0
Z1,22,19,23,0
Z1,22,20,26,0
Z1,22,21,24,0
Z1,22,22,16,0
Z1,22,23,10,0
Z1,23,0,21,0
Z1,23,1,10,0
Z1,23,2,28,0
Z1,23,3,22,0
Z1,23,4,18,0
Z1,23,5,20,0
Z1,23,6,25,0
Z1,23,7,21,0
Z1,23,8,23,0
Z1,23,9,73,0
Z1,23,10,77,0
Z1,23,11,81,0
Z1,23,12,79,0
Z1,23,13,78,0
Z1,23,14,76,0
Z1,23,15,80,0
Z1,23,16,73,0
Z1,23,17,88,0
Z1,23,18,15,0
Z1,23,19,26,0
Z1,23,20,19,0
Z1,23,21,26,0
Z1,23,22,23,0
Z1,23,23,19,0
Z1,24,0,20,0
Z1,24,1,28,0
Z1,24,2,19,0
Z1,24,3,12,0
Z1,24,4,19,0
Z1,24,5,22,0
Z1,24,6,20,0
Z1,24,7,21,0
Z1,24,8,14,0
Z1,24,9,74,0
Z1,24,10,87,0
Z1,24,11,89,0
Z1,24,12,85,0
Z1,24,13,80,0
Z1,24,14,70,0
Z1,24,15,74,0
Z1,24,16,83,0
Z1,24,17,83,0
Z1,24,18,20,0
Z1,24,19,22,0
Z1,24,20,16,0
Z1,24,21,25,0
Z1,24,22,17,0
Z1,24,23,21,0
Z1,25,0,24,0
Z1,25,1,22,0
Z1,25,2,28,0
Z1,25,3,30,0
Z1,25,4,25,0
Z1,25,5,28,0
Z1,25,6,19,0
Z1,25,7,13,0
Z1,25,8,18,0
Z1,25,9,83,0
Z1,25,10,71,0
Z1,25,11,89,0
Z1,25,12,72,0
Z1,25,13,74,0
Z1,25,14,87,0
Z1,25,15,80,0
Z1,25,16,75,0
Z1,25,17,73,0
Z1,25,18,22,0
Z1,25,19,13,0
Z1,25,20,19,0
Z1,25,21,25,0
Z1,25,22,12,0
Z1,25,23,12,0
Z1,26,0,10,0
Z1,26,1,29,0
Z1,26,2,29,0
Z1,26,3,22,0
Z1,26,4,17,0
Z1,26,5,28,0
Z1,26,6,15,0
Z1,26,7,15,0
Z1,26,8,16,0
Z1,26,9,76,0
Z1,26,10,78,0
Z1,26,11,82,0
Z1,26,12,90,0
Z1,26,13,78,0
Z1,26,14,85,0
Z1,26,15,77,0
Z1,26,16,80,0
Z1,26,17,70,0
Z1,26,18,15,0
Z1,26,19,18,0
Z1,26,20,26,0
Z1,26,21,14,0
Z1,26,22,21,0
Z1,26,23,23,0
Z1,27,0,21,1
Z1,27,1,15,1
Z1,27,2,12,1
Z1,27,3,13,1
Z1,27,4,22,1
Z1,27,5,18,1
Z1,27,6,27,1
Z1,27,7,14,1
Z1,27,8,18,1
Z1,27,9,85,1
Z1,27,10,89,1
Z1,27,11,85,1
Z1,27,12,90,1
Z1,27,13,80,1
Z1,27,14,70,1
Z1,27,15,83,1
Z1,27,16,82,1
Z1,27,17,82,1
Z1,27,18,10,1
Z1,27,19,28,1
Z1,27,20,20,1
Z1,27,21,12,1
Z1,27,22,18,1
Z1,27,23,25,1
Z1,28,0,28,1
Z1,28,1,15,1
Z1,28,2,25,1
Z1,28,3,25,1
Z1,28,4,27,1
Z1,28,5,20,1
Z1,28,6,25,1
Z1,28,7,25,1
Z1,28,8,12,1
Z1,28,9,76,1
Z1,28,10,81,1
Z1,28,11,70,1
Z1,28,12,73,1
Z1,28,13,73,1
Z1,28,14,77,1
Z1,28,15,87,1
Z1,28,16,78,1
Z1,28,17,89,1
Z1,28,18,20,1
Z1,28,19,12,1
Z1,28,20,13,1
Z1,28,21,24,1
Z1,28,22,18,1
Z1,28,23,18,1
Z1,29,0,16,0
Z1,29,1,15,0
Z1,29,2,16,0
Z1,29,3,10,0
Z1,29,4,24,0
Z1,29,5,28,0
Z1,29,6,28,0
Z1,29,7,10,0
Z1,29,8,27,0
Z1,29,9,75,0
Z1,29,10,71,0
Z1,29,11,90,0
Z1,29,12,83,0
Z1,29,13,79,0
Z1,29,14,83,0
Z1,29,15,89,0
Z1,29,16,88,0
Z1,29,17,89,0
Z1,29,18,10,0
Z1,29,19,14,0
Z1,29,20,18,0
Z1,29,21,17,0
Z1,29,22,20,0
Z1,29,23,18,0
Z1,30,0,19,0
Z1,30,1,17,0
Z1,30,2,26,0
Z1,30,3,26,0
Z1,30,4,13,0
Z1,30,5,15,0
Z1,30,6,12,0
Z1,30,7,20,0
Z1,30,8,22,0
Z1,30,9,86,0
Z1,30,10,78,0
Z1,30,11,83,0
Z1,30,12,70,0
Z1,30,13,85,0
Z1,30,14,79,0
Z1,30,15,84,0
Z1,30,16,82,0
Z1,30,17,78,0
Z1,30,18,23,0
Z1,30,19,15,0
Z1,30,20,28,0
Z1,30,21,12,0
Z1,30,22,14,0
Z1,30,23,15,0
Z2,1,0,23,0
Z2,1,1,37,0
Z2,1,2,34,0
Z2,1,3,21,0
Z2,1,4,28,0
Z2,1,5,37,0
Z2,1,6,20,0
Z2,1,7,32,0
Z2,1,8,33,0
Z2,1,9,33,0
Z2,1,10,24,0
Z2,1,11,25,0
Z2,1,12,35,0
Z2,1,13,27,0
Z2,1,14,28,0
Z2,1,15,33,0
Z2,1,16,24,0
Z2,1,17,75,0
Z2,1,18,78,0
Z2,1,19,80,0
Z2,1,20,75,0
Z2,1,21,81,0
Z2,1,22,76,0
Z2,1,23,25,0
Z2,2,0,24,0
Z2,2,1,29,0
Z2,2,2,28,0
Z2,2,3,27,0
Z2,2,4,25,0
Z2,2,5,29,0
Z2,2,6,32,0
Z2,2,7,32,0
Z2,2,8,38,0
Z2,2,9,23,0
Z2,2,10,24,0
Z2,2,11,34,0
Z2,2,12,33,0
Z2,2,13,26,0
Z2,2,14,28,0
Z2,2,15,28,0
Z2,2,16,33,0
Z2,2,17,95,0
Z2,2,18,77,0
Z2,2,19,86,0
Z2,2,20,85,0
Z2,2,21,83,0
Z2,2,22,92,0
Z2,2,23,37,0
Z2,3,0,20,0
Z2,3,1,39,0
Z2,3,2,26,0
Z2,3,3,22,0
Z2,3,4,35,0
Z2,3,5,27,0
Z2,3,6,30,0
Z2,3,7,32,0
Z2,3,8,25,0
Z2,3,9,27,0
Z2,3,10,35,0
Z2,3,11,27,0
Z2,3,12,29,0
Z2,3,13,24,0
Z2,3,14,27,0
Z2,3,15,27,0
Z2,3,16,31,0
Z2,3,17,94,0
Z2,3,18,94,0
Z2,3,19,81,0
Z2,3,20,85,0
Z2,3,21,91,0
Z2,3,22,81,0
Z2,3,23,39,0
Z2,4,0,23,0
Z2,4,1,37,0
Z2,4,2,31,0
Z2,4,3,31,0
Z2,4,4,34,0
Z2,4,5,38,0
Z2,4,6,34,0
Z2,4,7,31,0
Z2,4,8,23,0
Z2,4,9,37,0
Z2,4,10,22,0
Z2,4,11,29,0
Z2,4,12,20,0
Z2,4,13,22,0
Z2,4,14,30,0
Z2,4,15,30,0
Z2,4,16,24,0
Z2,4,17,86,0
Z2,4,18,83,0
Z2,4,19,81,0
Z2,4,20,87,0
Z2,4,21,85,0
Z2,4,22,83,0
Z2,4,23,35,0
Z2,5,0,33,0
Z2,5,1,27,0
Z2,5,2,32,0
Z2,5,3,27,0
Z2,5,4,36,0
Z2,5,5,37,0
Z2,5,6,27,0
Z2,5,7,37,0
Z2,5,8,27,0
Z2,5,9,23,0
Z2,5,10,30,0
Z2,5,11,30,0
Z2,5,12,26,0
Z2,5,13,38,0
Z2,5,14,39,0
Z2,5,15,28,0
Z2,5,16,22,0
Z2,5,17,75,0
Z2,5,18,76,0
Z2,5,19,90,0
Z2,5,20,91,0
Z2,5,21,80,0
Z2,5,22,85,0
Z2,5,23,28,0
Z2,6,0,28,1
Z2,6,1,31,1
Z2,6,2,35,1
Z2,6,3,45,1
Z2,6,4,42,1
Z2,6,5,36,1
Z2,6,6,36,1
Z2,6,7,40,1
Z2,6,8,37,1
Z2,6,9,35,1
Z2,6,10,30,1
Z2,6,11,25,1
Z2,6,12,40,1
Z2,6,13,30,1
Z2,6,14,40,1
Z2,6,15,26,1
Z2,6,16,36,1
Z2,6,17,82,1
Z2,6,18,100,1
Z2,6,19,86,1
Z2,6,20,95,1
Z2,6,21,90,1
Z2,6,22,85,1
Z2,6,23,36,1
Z2,7,0,26,1
Z2,7,1,41,1
Z2,7,2,31,1
Z2,7,3,38,1
Z2,7,4,31,1
Z2,7,5,41,1
Z2,7,6,43,1
Z2,7,7,38,1
Z2,7,8,34,1
Z2,7,9,41,1
Z2,7,10,31,1
Z2,7,11,41,1
Z2,7,12,30,1
Z2,7,13,37,1
Z2,7,14,39,1
Z2,7,15,40,1
Z2,7,16,40,1
Z2,7,17,95,1
Z2,7,18,89,1
Z2,7,19,86,1
Z2,7,20,97,1
Z2,7,21,100,1
Z2,7,22,95,1
Z2,7,23,33,1
Z2,8,0,33,0
Z2,8,1,33,0
Z2,8,2,21,0
Z2,8,3,40,0
Z2,8,4,29,0
Z2,8,5,23,0
Z2,8,6,39,0
Z2,8,7,35,0
Z2,8,8,33,0
Z2,8,9,20,0
Z2,8,10,31,0
Z2,8,11,28,0
Z2,8,12,35,0
Z2,8,13,38,0
Z2,8,14,25,0
Z2,8,15,30,0
Z2,8,16,24,0
Z2,8,17,92,0
Z2,8,18,76,0
Z2,8,19,95,0
Z2,8,20,90,0
Z2,8,21,90,0
Z2,8,22,79,0
Z2,8,23,36,0
Z2,9,0,20,0
Z2,9,1,38,0
Z2,9,2,30,0
Z2,9,3,23,0
Z2,9,4,27,0
Z2,9,5,39,0
Z2,9,6,37,0
Z2,9,7,31,0
Z2,9,8,20,0
Z2,9,9,29,0
Z2,9,10,29,0
Z2,9,11,34,0
Z2,9,12,31,0
Z2,9,13,33,0
Z2,9,14,35,0
Z2,9,15,36,0
Z2,9,16,22,0
Z2,9,17,92,0
Z2,9,18,90,0
Z2,9,19,92,0
Z2,9,20,91,0
Z2,9,21,95,0
Z2,9,22,76,0
Z2,9,23,27,0
Z2,10,0,20,0
Z2,10,1,20,0
Z2,10,2,26,0
Z2,10,3,30,0
Z2,10,4,26,0
Z2,10,5,38,0
Z2,10,6,39,0
Z2,10,7,33,0
Z2,10,8,36,0
Z2,10,9,24,0
Z2,10,10,33,0
Z2,10,11,22,0
Z2,10,12,22,0
Z2,10,13,28,0
Z2,10,14,34,0
Z2,10,15,38,0
Z2,10,16,28,0
Z2,10,17,78,0
Z2,10,18,85,0
Z2,10,19,84,0
Z2,10,20,94,0
Z2,10,21,82,0
Z2,10,22,80,0
Z2,10,23,35,0
Z2,11,0,39,0
Z2,11,1,34,0
Z2,11,2,23,0
Z2,11,3,39,0
Z2,11,4,28,0
Z2,11,5,23,0
Z2,11,6,26,0
Z2,11,7,37,0
Z2,11,8,25,0
Z2,11,9,37,0
Z2,11,10,32,0
Z2,11,11,32,0
Z2,11,12,23,0
Z2,11,13,26,0
Z2,11,14,22,0
Z2,11,15,24,0
Z2,11,16,32,0
Z2,11,17,85,0
Z2,11,18,87,0
Z2,11,19,90,0
Z2,11,20,80,0
Z2,11,21,75,0
Z2,11,22,78,0
Z2,11,23,40,0
Z2,12,0,32,0
Z2,12,1,28,0
Z2,12,2,36,0
Z2,12,3,30,0
Z2,12,4,32,0
Z2,12,5,25,0
Z2,12,6,36,0
Z2,12,7,28,0
Z2,12,8,31,0
Z2,12,9,26,0
Z2,12,10,35,0
Z2,12,11,30,0
Z2,12,12,30,0
Z2,12,13,31,0
Z2,12,14,27,0
Z2,12,15,31,0
Z2,12,16,23,0
Z2,12,17,80,0
Z2,12,18,95,0
Z2,12,19,95,0
Z2,12,20,87,0
Z2,12,21,86,0
Z2,12,22,92,0
Z2,12,23,38,0
Z2,13,0,34,1
Z2,13,1,42,1
Z2,13,2,36,1
Z2,13,3,41,1
Z2,13,4,38,1
Z2,13,5,34,1
Z2,13,6,29,1
Z2,13,7,34,1
Z2,13,8,36,1
Z2,13,9,38,1
Z2,13,10,35,1
Z2,13,11,38,1
Z2,13,12,39,1
Z2,13,13,26,1
Z2,13,14,28,1
Z2,13,15,31,1
Z2,13,16,31,1
Z2,13,17,94,1
Z2,13,18,94,1
Z2,13,19,100,1
Z2,13,20,81,1
Z2,13,21,97,1
Z2,13,22,94,1
Z2,13,23,41,1
Z2,14,0,32,1
Z2,14,1,33,1
Z2,14,2,32,1
Z2,14,3,29,1
Z2,14,4,32,1
Z2,14,5,31,1
Z2,14,6,43,1
Z2,14,7,42,1
Z2,14,8,25,1
Z2,14,9,31,1
Z2,14,10,31,1
Z2,14,11,44,1
Z2,14,12,32,1
Z2,14,13,41,1
Z2,14,14,45,1
Z2,14,15,27,1
Z2,14,16,41,1
Z2,14,17,84,1
Z2,14,18,99,1
Z2,14,19,96,1
Z2,14,20,87,1
Z2,14,21,97,1
Z2,14,22,84,1
Z2,14,23,27,1
Z2,15,0,32,0
Z2,15,1,30,0
Z2,15,2,22,0
Z2,15,3,39,0
Z2,15,4,37,0
Z2,15,5,20,0
Z2,15,6,30,0
Z2,15,7,30,0
Z2,15,8,30,0
Z2,15,9,26,0
Z2,15,10,33,0
Z2,15,11,40,0
Z2,15,12,20,0
Z2,15,13,23,0
Z2,15,14,32,0
Z2,15,15,40,0
Z2,15,16,39,0
Z2,15,17,84,0
Z2,15,18,85,0
Z2,15,19,77,0
Z2,15,20,94,0
Z2,15,21,94,0
Z2,15,22,93,0
Z2,15,23,39,0
Z2,16,0,29,0
Z2,16,1,20,0
Z2,16,2,31,0
Z2,16,3,24,0
Z2,16,4,39,0
Z2,16,5,22,0
Z2,16,6,40,0
Z2,16,7,28,0
Z2,16,8,29,0
Z2,16,9,24,0
Z2,16,10,39,0
Z2,16,11,31,0
Z2,16,12,26,0
Z2,16,13,29,0
Z2,16,14,34,0
Z2,16,15,21,0
Z2,16,16,30,0
Z2,16,17,77,0
Z2,16,18,91,0
Z2,16,19,84,0
Z2,16,20,77,0
Z2,16,21,84,0
Z2,16,22,81,0
Z2,16,23,35,0
Z2,17,0,22,0
Z2,17,1,35,0
Z2,17,2,35,0
Z2,17,3,34,0
Z2,17,4,24,0
Z2,17,5,23,0
Z2,17,6,20,0
Z2,17,7,37,0
Z2,17,8,39,0
Z2,17,9,39,0
Z2,17,10,34,0
Z2,17,11,35,0
Z2,17,12,30,0
Z2,17,13,28,0
Z2,17,14,34,0
Z2,17,15,37,0
Z2,17,16,29,0
Z2,17,17,91,0
Z2,17,18,76,0
Z2,17,19,91,0
Z2,17,20,81,0
Z2,17,21,94,0
Z2,17,22,75,0
Z2,17,23,30,0
Z2,18,0,28,0
Z2,18,1,21,0
Z2,18,2,31,0
Z2,18,3,37,0
Z2,18,4,23,0
Z2,18,5,25,0
Z2,18,6,26,0
Z2,18,7,37,0
Z2,18,8,23,0
Z2,18,9,34,0
Z2,18,10,22,0
Z2,18,11,27,0
Z2,18,12,20,0
Z2,18,13,26,0
Z2,18,14,22,0
Z2,18,15,32,0
Z2,18,16,27,0
Z2,18,17,87,0
Z2,18,18,83,0
Z2,18,19,75,0
Z2,18,20,90,0
Z2,18,21,79,0
Z2,18,22,77,0
Z2,18,23,27,0
Z2,19,0,33,0
Z2,19,1,26,0
Z2,19,2,31,0
Z2,19,3,35,0
Z2,19,4,26,0
Z2,19,5,24,0
Z2,19,6,24,0
Z2,19,7,29,0
Z2,19,8,26,0
Z2,19,9,20,0
Z2,19,10,36,0
Z2,19,11,27,0
Z2,19,12,34,0
Z2,19,13,31,0
Z2,19,14,26,0
Z2,19,15,22,0
Z2,19,16,37,0
Z2,19,17,90,0
Z2,19,18,75,0
Z2,19,19,87,0
Z2,19,20,92,0
Z2,19,21,94,0
Z2,19,22,82,0
Z2,19,23,38,0
Z2,20,0,35,1
Z2,20,1,32,1
Z2,20,2,27,1
Z2,20,3,42,1
Z2,20,4,30,1
Z2,20,5,43,1
Z2,20,6,40,1
Z2,20,7,25,1
Z2,20,8,39,1
Z2,20,9,40,1
Z2,20,10,37,1
Z2,20,11,29,1
Z2,20,12,44,1
Z2,20,13,37,1
Z2,20,14,32,1
Z2,20,15,26,1
Z2,20,16,44,1
Z2,20,17,82,1
Z2,20,18,95,1
Z2,20,19,84,1
Z2,20,20,99,1
Z2,20,21,87,1
Z2,20,22,89,1
Z2,20,23,38,1
Z2,21,0,37,1
Z2,21,1,33,1
Z2,21,2,27,1
Z2,21,3,35,1
Z2,21,4,43,1
Z2,21,5,30,1
Z2,21,6,28,1
Z2,21,7,36,1
Z2,21,8,36,1
Z2,21,9,34,1
Z2,21,10,37,1
Z2,21,11,26,1
Z2,21,12,32,1
Z2,21,13,40,1
Z2,21,14,25,1
Z2,21,15,38,1
Z2,21,16,36,1
Z2,21,17,87,1
Z2,21,18,81,1
Z2,21,19,93,1
Z2,21,20,85,1
Z2,21,21,99,1
Z2,21,22,94,1
Z2,21,23,41,1
Z2,22,0,30,0
Z2,22,1,28,0
Z2,22,2,34,0
Z2,22,3,20,0
Z2,22,4,30,0
Z2,22,5,34,0
Z2,22,6,32,0
Z2,22,7,28,0
Z2,22,8,22,0
Z2,22,9,21,0
Z2,22,10,21,0
Z2,22,11,35,0
Z2,22,12,36,0
Z2,22,13,38,0
Z2,22,14,22,0
Z2,22,15,34,0
Z2,22,16,34,0
Z2,22,17,89,0
Z2,22,18,78,0
Z2,22,19,75,0
Z2,22,20,95,0
Z2,22,21,92,0
Z2,22,22,76,0
Z2,22,23,40,0
Z2,23,0,26,0
Z2,23,1,22,0
Z2,23,2,33,0
Z2,23,3,34,0
Z2,23,4,27,0
Z2,23,5,38,0
Z2,23,6,21,0
Z2,23,7,34,0
Z2,23,8,30,0
Z2,23,9,23,0
Z2,23,10,24,0
Z2,23,11,35,0
Z2,23,12,25,0
Z2,23,13,23,0
Z2,23,14,27,0
Z2,23,15,27,0
Z2,23,16,36,0
Z2,23,17,83,0
Z2,23,18,95,0
Z2,23,19,78,0
Z2,23,20,77,0
Z2,23,21,86,0
Z2,23,22,89,0
Z2,23,23,32,0
Z2,24,0,28,0
Z2,24,1,29,0
Z2,24,2,33,0
Z2,24,3,28,0
Z2,24,4,37,0
Z2,24,5,36,0
Z2,24,6,33,0
Z2,24,7,39,0
Z2,24,8,29,0
Z2,24,9,23,0
Z2,24,10,38,0
Z2,24,11,31,0
Z2,24,12,22,0
Z2,24,13,28,0
Z2,24,14,36,0
Z2,24,15,25,0
Z2,24,16,21,0
Z2,24,17,85,0
Z2,24,18,95,0
Z2,24,19,78,0
Z2,24,20,91,0
Z2,24,21,87,0
Z2,24,22,77,0
Z2,24,23,31,0
Z2,25,0,38,0
Z2,25,1,25,0
Z2,25,2,24,0
Z2,25,3,25,0
Z2,25,4,33,0
Z2,25,5,32,0
Z2,25,6,26,0
Z2,25,7,26,0
Z2,25,8,30,0
Z2,25,9,29,0
Z2,25,10,21,0
Z2,25,11,32,0
Z2,25,12,23,0
Z2,25,13,29,0
Z2,25,14,36,0
Z2,25,15,38,0
Z2,25,16,28,0
Z2,25,17,88,0
Z2,25,18,94,0
Z2,25,19,95,0
Z2,25,20,89,0
Z2,25,21,91,0
Z2,25,22,75,0
Z2,25,23,21,0
Z2,26,0,34,0
Z2,26,1,40,0
Z2,26,2,32,0
Z2,26,3,20,0
Z2,26,4,24,0
Z2,26,5,21,0
Z2,26,6,26,0
Z2,26,7,26,0
Z2,26,8,23,0
Z2,26,9,39,0
Z2,26,10,36,0
Z2,26,11,24,0
Z2,26,12,20,0
Z2,26,13,26,0
Z2,26,14,23,0
Z2,26,15,38,0
Z2,26,16,20,0
Z2,26,17,75,0
Z2,26,18,87,0
Z2,26,19,80,0
Z2,26,20,78,0
Z2,26,21,89,0
Z2,26,22,94,0
Z2,26,23,25,0
Z2,27,0,28,1
Z2,27,1,30,1
Z2,27,2,44,1
Z2,27,3,30,1
Z2,27,4,43,1
Z2,27,5,45,1
Z2,27,6,34,1
Z2,27,7,44,1
Z2,27,8,30,1
Z2,27,9,40,1
Z2,27,10,36,1
Z2,27,11,38,1
Z2,27,12,40,1
Z2,27,13,34,1
Z2,27,14,39,1
Z2,27,15,43,1
Z2,27,16,44,1
Z2,27,17,89,1
Z2,27,18,96,1
Z2,27,19,92,1
Z2,27,20,99,1
Z2,27,21,89,1
Z2,27,22,99,1
Z2,27,23,38,1
Z2,28,0,45,1
Z2,28,1,42,1
Z2,28,2,30,1
Z2,28,3,36,1
Z2,28,4,41,1
Z2,28,5,29,1
Z2,28,6,40,1
Z2,28,7,38,1
Z2,28,8,31,1
Z2,28,9,43,1
Z2,28,10,27,1
Z2,28,11,44,1
Z2,28,12,30,1
Z2,28,13,40,1
Z2,28,14,40,1
Z2,28,15,45,1
Z2,28,16,25,1
Z2,28,17,98,1
Z2,28,18,87,1
Z2,28,19,94,1
Z2,28,20,100,1
Z2,28,21,83,1
Z2,28,22,80,1
Z2,28,23,45,1
Z2,29,0,30,0
Z2,29,1,20,0
Z2,29,2,21,0
Z2,29,3,20,0
Z2,29,4,35,0
Z2,29,5,33,0
Z2,29,6,33,0
Z2,29,7,29,0
Z2,29,8,33,0
Z2,29,9,38,0
Z2,29,10,40,0
Z2,29,11,33,0
Z2,29,12,32,0
Z2,29,13,33,0
Z2,29,14,36,0
Z2,29,15,37,0
Z2,29,16,26,0
Z2,29,17,81,0
Z2,29,18,87,0
Z2,29,19,78,0
Z2,29,20,88,0
Z2,29,21,86,0
Z2,29,22,82,0
Z2,29,23,40,0
Z2,30,0,26,0
Z2,30,1,32,0
Z2,30,2,39,0
Z2,30,3,20,0
Z2,30,4,31,0
Z2,30,5,40,0
Z2,30,6,23,0
Z2,30,7,27,0
Z2,30,8,38,0
Z2,30,9,27,0
Z2,30,10,37,0
Z2,30,11,39,0
Z2,30,12,39,0
Z2,30,13,38,0
Z2,30,14,22,0
Z2,30,15,24,0
Z2,30,16,24,0
Z2,30,17,87,0
Z2,30,18,94,0
Z2,30,19,90,0
Z2,30,20,83,0
Z2,30,21,88,0
Z2,30,22,85,0
Z2,30,23,24,0
Z3,1,0,74,0
Z3,1,1,76,0
Z3,1,2,82,0
Z3,1,3,79,0
Z3,1,4,70,0
Z3,1,5,83,0
Z3,1,6,86,0
Z3,1,7,30,0
Z3,1,8,36,0
Z3,1,9,44,0
Z3,1,10,37,0
Z3,1,11,32,0
Z3,1,12,46,0
Z3,1,13,46,0
Z3,1,14,37,0
Z3,1,15,50,0
Z3,1,16,49,0
Z3,1,17,48,0
Z3,1,18,45,0
Z3,1,19,47,0
Z3,1,20,72,0
Z3,1,21,73,0
Z3,1,22,80,0
Z3,1,23,89,0
Z3,2,0,76,0
Z3,2,1,82,0
Z3,2,2,85,0
Z3,2,3,84,0
Z3,2,4,78,0
Z3,2,5,73,0
Z3,2,6,83,0
Z3,2,7,44,0
Z3,2,8,50,0
Z3,2,9,46,0
Z3,2,10,44,0
Z3,2,11,39,0
Z3,2,12,38,0
Z3,2,13,38,0
Z3,2,14,38,0
Z3,2,15,49,0
Z3,2,16,49,0
Z3,2,17,42,0
Z3,2,18,31,0
Z3,2,19,37,0
Z3,2,20,70,0
Z3,2,21,89,0
Z3,2,22,86,0
Z3,2,23,79,0
Z3,3,0,84,0
Z3,3,1,84,0
Z3,3,2,84,0
Z3,3,3,88,0
Z3,3,4,72,0
Z3,3,5,86,0
Z3,3,6,77,0
Z3,3,7,37,0
Z3,3,8,48,0
Z3,3,9,48,0
Z3,3,10,44,0
Z3,3,11,41,0
Z3,3,12,32,0
Z3,3,13,36,0
Z3,3,14,39,0
Z3,3,15,44,0
Z3,3,16,37,0
Z3,3,17,45,0
Z3,3,18,45,0
Z3,3,19,49,0
Z3,3,20,88,0
Z3,3,21,81,0
Z3,3,22,70,0
Z3,3,23,78,0
Z3,4,0,77,0
Z3,4,1,87,0
Z3,4,2,80,0
Z3,4,3,87,0
Z3,4,4,86,0
Z3,4,5,70,0
Z3,4,6,87,0
Z3,4,7,40,0
Z3,4,8,40,0
Z3,4,9,42,0
Z3,4,10,43,0
Z3,4,11,39,0
Z3,4,12,38,0
Z3,4,13,32,0
Z3,4,14,42,0
Z3,4,15,38,0
Z3,4,16,49,0
Z3,4,17,39,0
Z3,4,18,34,0
Z3,4,19,50,0
Z3,4,20,90,0
Z3,4,21,77,0
Z3,4,22,88,0
Z3,4,23,85,0
Z3,5,0,70,0
Z3,5,1,76,0
Z3,5,2,81,0
Z3,5,3,71,0
Z3,5,4,72,0
Z3,5,5,88,0
Z3,5,6,78,0
Z3,5,7,30,0
Z3,5,8,44,0
Z3,5,9,47,0
Z3,5,10,31,0
Z3,5,11,49,0
Z3,5,12,48,0
Z3,5,13,46,0
Z3,5,14,46,0
Z3,5,15,49,0
Z3,5,16,45,0
Z3,5,17,48,0
Z3,5,18,42,0
Z3,5,19,50,0
Z3,5,20,81,0
Z3,5,21,85,0
Z3,5,22,75,0
Z3,5,23,87,0
Z3,6,0,90,1
Z3,6,1,88,1
Z3,6,2,80,1
Z3,6,3,84,1
Z3,6,4,90,1
Z3,6,5,80,1
Z3,6,6,75,1
Z3,6,7,37,1
Z3,6,8,43,1
Z3,6,9,34,1
Z3,6,10,44,1
Z3,6,11,35,1
Z3,6,12,36,1
Z3,6,13,43,1
Z3,6,14,30,1
Z3,6,15,42,1
Z3,6,16,38,1
Z3,6,17,43,1
Z3,6,18,36,1
Z3,6,19,50,1
Z3,6,20,72,1
Z3,6,21,84,1
Z3,6,22,90,1
Z3,6,23,89,1
Z3,7,0,78,1
Z3,7,1,90,1
Z3,7,2,70,1
Z3,7,3,74,1
Z3,7,4,82,1
Z3,7,5,82,1
Z3,7,6,84,1
Z3,7,7,42,1
Z3,7,8,37,1
Z3,7,9,32,1
Z3,7,10,34,1
Z3,7,11,31,1
Z3,7,12,44,1
Z3,7,13,34,1
Z3,7,14,33,1
Z3,7,15,39,1
Z3,7,16,34,1
Z3,7,17,38,1
Z3,7,18,40,1
Z3,7,19,49,1
Z3,7,20,88,1
Z3,7,21,70,1
Z3,7,22,80,1
Z3,7,23,77,1
Z3,8,0,75,0
Z3,8,1,81,0
Z3,8,2,85,0
Z3,8,3,78,0
Z3,8,4,89,0
Z3,8,5,76,0
Z3,8,6,81,0
Z3,8,7,42,0
Z3,8,8,50,0
Z3,8,9,38,0
Z3,8,10,40,0
Z3,8,11,39,0
Z3,8,12,36,0
Z3,8,13,47,0
Z3,8,14,46,0
Z3,8,15,30,0
Z3,8,16,43,0
Z3,8,17,43,0
Z3,8,18,41,0
Z3,8,19,40,0
Z3,8,20,80,0
Z3,8,21,85,0
Z3,8,22,84,0
Z3,8,23,78,0
Z3,9,0,76,0
Z3,9,1,77,0
Z3,9,2,80,0
Z3,9,3,84,0
Z3,9,4,78,0
Z3,9,5,78,0
Z3,9,6,86,0
Z3,9,7,31,0
Z3,9,8,39,0
Z3,9,9,48,0
Z3,9,10,48,0
Z3,9,11,41,0
Z3,9,12,47,0
Z3,9,13,47,0
Z3,9,14,32,0
Z3,9,15,35,0
Z3,9,16,44,0
Z3,9,17,45,0
Z3,9,18,46,0
Z3,9,19,30,0
Z3,9,20,78,0
Z3,9,21,77,0
Z3,9,22,84,0
Z3,9,23,88,0
Z3,10,0,74,0
Z3,10,1,72,0
Z3,10,2,86,0
Z3,10,3,81,0
Z3,10,4,79,0
Z3,10,5,73,0
Z3,10,6,76,0
Z3,10,7,32,0
Z3,10,8,44,0
Z3,10,9,50,0
Z3,10,10,39,0
Z3,10,11,43,0
Z3,10,12,37,0
Z3,10,13,39,0
Z3,10,14,33,0
Z3,10,15,38,0
Z3,10,16,38,0
Z3,10,17,48,0
Z3,10,18,43,0
Z3,10,19,37,0
Z3,10,20,70,0
Z3,10,21,78,0
Z3,10,22,84,0
Z3,10,23,72,0
Z3,11,0,85,0
Z3,11,1,75,0
Z3,11,2,71,0
Z3,11,3,77,0
Z3,11,4,87,0
Z3,11,5,71,0
Z3,11,6,70,0
Z3,11,7,37,0
Z3,11,8,50,0
Z3,11,9,47,0
Z3,11,10,43,0
Z3,11,11,43,0
Z3,11,12,38,0
Z3,11,13,35,0
Z3,11,14,40,0
Z3,11,15,45,0
Z3,11,16,39,0
Z3,11,17,43,0
Z3,11,18,39,0
Z3,11,19,32,0
Z3,11,20,73,0
Z3,11,21,82,0
Z3,11,22,80,0
Z3,11,23,85,0
Z3,12,0,73,0
Z3,12,1,73,0
Z3,12,2,89,0
Z3,12,3,80,0
Z3,12,4,76,0
Z3,12,5,72,0
Z3,12,6,73,0
Z3,12,7,30,0
Z3,12,8,34,0
Z3,12,9,32,0
Z3,12,10,39,0
Z3,12,11,39,0
Z3,12,12,36,0
Z3,12,13,30,0
Z3,12,14,48,0
Z3,12,15,45,0
Z3,12,16,45,0
Z3,12,17,38,0
Z3,12,18,47,0
Z3,12,19,44,0
Z3,12,20,71,0
Z3,12,21,88,0
Z3,12,22,80,0
Z3,12,23,73,0
Z3,13,0,87,1
Z3,13,1,88,1
Z3,13,2,71,1
Z3,13,3,70,1
Z3,13,4,89,1
Z3,13,5,80,1
Z3,13,6,81,1
Z3,13,7,37,1
Z3,13,8,34,1
Z3,13,9,30,1
Z3,13,10,37,1
Z3,13,11,39,1
Z3,13,12,33,1
Z3,13,13,47,1
Z3,13,14,32,1
Z3,13,15,42,1
Z3,13,16,33,1
Z3,13,17,50,1
Z3,13,18,38,1
Z3,13,19,49,1
Z3,13,20,89,1
Z3,13,21,85,1
Z3,13,22,71,1
Z3,13,23,73,1
Z3,14,0,84,1
Z3,14,1,78,1
Z3,14,2,75,1
Z3,14,3,87,1
Z3,14,4,88,1
Z3,14,5,80,1
Z3,14,6,83,1
Z3,14,7,38,1
Z3,14,8,43,1
Z3,14,9,48,1
Z3,14,10,35,1
Z3,14,11,49,1
Z3,14,12,48,1
Z3,14,13,35,1
Z3,14,14,37,1
Z3,14,15,30,1
Z3,14,16,46,1
Z3,14,17,48,1
Z3,14,18,32,1
Z3,14,19,50,1
Z3,14,20,70,1
Z3,14,21,70,1
Z3,14,22,77,1
Z3,14,23,78,1
Z3,15,0,81,0
Z3,15,1,79,0
Z3,15,2,87,0
Z3,15,3,71,0
Z3,15,4,78,0
Z3,15,5,80,0
Z3,15,6,85,0
Z3,15,7,33,0
Z3,15,8,46,0
Z3,15,9,44,0
Z3,15,10,49,0
Z3,15,11,45,0
Z3,15,12,44,0
Z3,15,13,50,0
Z3,15,14,33,0
Z3,15,15,42,0
Z3,15,16,37,0
Z3,15,17,39,0
Z3,15,18,35,0
Z3,15,19,37,0
Z3,15,20,71,0
Z3,15,21,78,0
Z3,15,22,79,0
Z3,15,23,70,0
Z3,16,0,76,0
Z3,16,1,83,0
Z3,16,2,86,0
Z3,16,3,72,0
Z3,16,4,80,0
Z3,16,5,84,0
Z3,16,6,89,0
Z3,16,7,38,0
Z3,16,8,36,0
Z3,16,9,42,0
Z3,16,10,60,0
Z3,16,11,81,0
Z3,16,12,48,0
Z3,16,13,51,0
Z3,16,14,40,0
Z3,16,15,46,0
Z3,16,16,40,0
Z3,16,17,46,0
Z3,16,18,41,0
Z3,16,19,32,0
Z3,16,20,82,0
Z3,16,21,70,0
Z3,16,22,82,0
Z3,16,23,76,0
Z3,17,0,74,0
Z3,17,1,88,0
Z3,17,2,88,0
Z3,17,3,70,0
Z3,17,4,87,0
Z3,17,5,74,0
Z3,17,6,88,0
Z3,17,7,36,0
Z3,17,8,42,0
Z3,17,9,49,0
Z3,17,10,39,0
Z3,17,11,50,0
Z3,17,12,35,0
Z3,17,13,44,0
Z3,17,14,40,0
Z3,17,15,36,0
Z3,17,16,33,0
Z3,17,17,42,0
Z3,17,18,48,0
Z3,17,19,39,0
Z3,17,20,89,0
Z3,17,21,81,0
Z3,17,22,83,0
Z3,17,23,88,0
Z3,18,0,70,0
Z3,18,1,87,0
Z3,18,2,82,0
Z3,18,3,85,0
Z3,18,4,89,0
Z3,18,5,77,0
Z3,18,6,74,0
Z3,18,7,38,0
Z3,18,8,36,0
Z3,18,9,34,0
Z3,18,10,31,0
Z3,18,11,41,0
Z3,18,12,35,0
Z3,18,13,32,0
Z3,18,14,48,0
Z3,18,15,35,0
Z3,18,16,30,0
Z3,18,17,34,0
Z3,18,18,50,0
Z3,18,19,38,0
Z3,18,20,80,0
Z3,18,21,81,0
Z3,18,22,85,0
Z3,18,23,86,0
Z3,19,0,80,0
Z3,19,1,88,0
Z3,19,2,83,0
Z3,19,3,79,0
Z3,19,4,84,0
Z3,19,5,75,0
Z3,19,6,77,0
Z3,19,7,49,0
Z3,19,8,47,0
Z3,19,9,46,0
Z3,19,10,40,0
Z3,19,11,46,0
Z3,19,12,36,0
Z3,19,13,47,0
Z3,19,14,32,0
Z3,19,15,47,0
Z3,19,16,31,0
Z3,19,17,44,0
Z3,19,18,42,0
Z3,19,19,41,0
Z3,19,20,70,0
Z3,19,21,74,0
Z3,19,22,78,0
Z3,19,23,80,0
Z3,20,0,81,1
Z3,20,1,75,1
Z3,20,2,88,1
Z3,20,3,86,1
Z3,20,4,76,1
Z3,20,5,85,1
Z3,20,6,78,1
Z3,20,7,48,1
Z3,20,8,39,1
Z3,20,9,46,1
Z3,20,10,32,1
Z3,20,11,32,1
Z3,20,12,50,1
Z3,20,13,40,1
Z3,20,14,34,1
Z3,20,15,31,1
Z3,20,16,31,1
Z3,20,17,34,1
Z3,20,18,35,1
Z3,20,19,46,1
Z3,20,20,79,1
Z3,20,21,86,1
Z3,20,22,78,1
Z3,20,23,88,1
Z3,21,0,72,1
Z3,21,1,83,1
Z3,21,2,87,1
Z3,21,3,80,1
Z3,21,4,71,1
Z3,21,5,89,1
Z3,21,6,76,1
Z3,21,7,39,1
Z3,21,8,43,1
Z3,21,9,42,1
Z3,21,10,41,1
Z3,21,11,49,1
Z3,21,12,31,1
Z3,21,13,30,1
Z3,21,14,40,1
Z3,21,15,46,1
Z3,21,16,44,1
Z3,21,17,38,1
Z3,21,18,43,1
Z3,21,19,46,1
Z3,21,20,78,1
Z3,21,21,84,1
Z3,21,22,81,1
Z3,21,23,76,1
Z3,22,0,72,0
Z3,22,1,82,0
Z3,22,2,78,0
Z3,22,3,78,0
Z3,22,4,89,0
Z3,22,5,90,0
Z3,22,6,77,0
Z3,22,7,37,0
Z3,22,8,34,0
Z3,22,9,30,0
Z3,22,10,49,0
Z3,22,11,47,0
Z3,22,12,48,0
Z3,22,13,32,0
Z3,22,14,38,0
Z3,22,15,34,0
Z3,22,16,41,0
Z3,22,17,46,0
Z3,22,18,42,0
Z3,22,19,50,0
Z3,22,20,88,0
Z3,22,21,87,0
Z3,22,22,88,0
Z3,22,23,83,0
Z3,23,0,80,0
Z3,23,1,87,0
Z3,23,2,71,0
Z3,23,3,79,0
Z3,23,4,86,0
Z3,23,5,90,0
Z3,23,6,81,0
Z3,23,7,39,0
Z3,23,8,37,0
Z3,23,9,47,0
Z3,23,10,35,0
Z3,23,11,42,0
Z3,23,12,40,0
Z3,23,13,36,0
Z3,23,14,31,0
Z3,23,15,43,0
Z3,23,16,48,0
Z3,23,17,30,0
Z3,23,18,50,0
Z3,23,19,38,0
Z3,23,20,90,0
Z3,23,21,75,0
Z3,23,22,85,0
Z3,23,23,89,0
Z3,24,0,89,0
Z3,24,1,85,0
Z3,24,2,74,0
Z3,24,3,81,0
Z3,24,4,75,0
Z3,24,5,81,0
Z3,24,6,72,0
Z3,24,7,48,0
Z3,24,8,41,0
Z3,24,9,49,0
Z3,24,10,40,0
Z3,24,11,32,0
Z3,24,12,37,0
Z3,24,13,36,0
Z3,24,14,41,0
Z3,24,15,37,0
Z3,24,16,34,0
Z3,24,17,44,0
Z3,24,18,35,0
Z3,24,19,50,0
Z3,24,20,89,0
Z3,24,21,85,0
Z3,24,22,73,0
Z3,24,23,72,0
Z3,25,0,87,0
Z3,25,1,90,0
Z3,25,2,87,0
Z3,25,3,79,0
Z3,25,4,90,0
Z3,25,5,78,0
Z3,25,6,88,0
Z3,25,7,33,0
Z3,25,8,45,0
Z3,25,9,39,0
Z3,25,10,44,0
Z3,25,11,45,0
Z3,25,12,38,0
Z3,25,13,44,0
Z3,25,14,47,0
Z3,25,15,47,0
Z3,25,16,36,0
Z3,25,17,42,0
Z3,25,18,48,0
Z3,25,19,33,0
Z3,25,20,86,0
Z3,25,21,73,0
Z3,25,22,80,0
Z3,25,23,82,0
Z3,26,0,77,0
Z3,26,1,74,0
Z3,26,2,88,0
Z3,26,3,84,0
Z3,26,4,89,0
Z3,26,5,73,0
Z3,26,6,85,0
Z3,26,7,47,0
Z3,26,8,31,0
Z3,26,9,43,0
Z3,26,10,34,0
Z3,26,11,40,0
Z3,26,12,44,0
Z3,26,13,45,0
Z3,26,14,44,0
Z3,26,15,41,0
Z3,26,16,33,0
Z3,26,17,33,0
Z3,26,18,36,0
Z3,26,19,36,0
Z3,26,20,84,0
Z3,26,21,70,0
Z3,26,22,79,0
Z3,26,23,85,0
Z3,27,0,75,1
Z3,27,1,77,1
Z3,27,2,71,1
Z3,27,3,75,1
Z3,27,4,85,1
Z3,27,5,89,1
Z3,27,6,70,1
Z3,27,7,31,1
Z3,27,8,37,1
Z3,27,9,43,1
Z3,27,10,42,1
Z3,27,11,34,1
Z3,27,12,37,1
Z3,27,13,37,1
Z3,27,14,41,1
Z3,27,15,48,1
Z3,27,16,36,1
Z3,27,17,41,1
Z3,27,18,38,1
Z3,27,19,44,1
Z3,27,20,84,1
Z3,27,21,86,1
Z3,27,22,72,1
Z3,27,23,71,1
Z3,28,0,90,1
Z3,28,1,81,1
Z3,28,2,90,1
Z3,28,3,81,1
Z3,28,4,71,1
Z3,28,5,86,1
Z3,28,6,84,1
Z3,28,7,35,1
Z3,28,8,42,1
Z3,28,9,33,1
Z3,28,10,44,1
Z3,28,11,42,1
Z3,28,12,45,1
Z3,28,13,45,1
Z3,28,14,49,1
Z3,28,15,31,1
Z3,28,16,40,1
Z3,28,17,43,1
Z3,28,18,35,1
Z3,28,19,40,1
Z3,28,20,84,1
Z3,28,21,86,1
Z3,28,22,70,1
Z3,28,23,74,1
Z3,29,0,81,0
Z3,29,1,90,0
Z3,29,2,88,0
Z3,29,3,88,0
Z3,29,4,90,0
Z3,29,5,88,0
Z3,29,6,76,0
Z3,29,7,31,0
Z3,29,8,33,0
Z3,29,9,30,0
Z3,29,10,37,0
Z3,29,11,38,0
Z3,29,12,48,0
Z3,29,13,41,0
Z3,29,14,46,0
Z3,29,15,33,0
Z3,29,16,31,0
Z3,29,17,35,0
Z3,29,18,35,0
Z3,29,19,40,0
Z3,29,20,90,0
Z3,29,21,82,0
Z3,29,22,83,0
Z3,29,23,71,0
Z3,30,0,77,0
Z3,30,1,88,0
Z3,30,2,70,0
Z3,30,3,71,0
Z3,30,4,75,0
Z3,30,5,88,0
Z3,30,6,72,0
Z3,30,7,49,0
Z3,30,8,37,0
Z3,30,9,47,0
Z3,30,10,37,0
Z3,30,11,38,0
Z3,30,12,39,0
Z3,30,13,34,0
Z3,30,14,41,0
Z3,30,15,31,0
Z3,30,16,50,0
Z3,30,17,46,0
Z3,30,18,41,0
Z3,30,19,37,0
Z3,30,20,82,0
Z3,30,21,70,0
Z3,30,22,70,0
Z3,30,23,77,0
Z4,1,0,61,0
Z4,1,1,68,0
Z4,1,2,72,0
Z4,1,3,78,0
Z4,1,4,80,0
Z4,1,5,65,0
Z4,1,6,63,0
Z4,1,7,79,0
Z4,1,8,62,0
Z4,1,9,65,0
Z4,1,10,65,0
Z4,1,11,74,0
Z4,1,12,66,0
Z4,1,13,69,0
Z4,1,14,60,0
Z4,1,15,80,0
Z4,1,16,73,0
Z4,1,17,78,0
Z4,1,18,76,0
Z4,1,19,71,0
Z4,1,20,61,0
Z4,1,21,62,0
Z4,1,22,63,0
Z4,1,23,72,0
Z4,2,0,67,0
Z4,2,1,61,0
Z4,2,2,60,0
Z4,2,3,60,0
Z4,2,4,76,0
Z4,2,5,73,0
Z4,2,6,62,0
Z4,2,7,69,0
Z4,2,8,71,0
Z4,2,9,64,0
Z4,2,10,71,0
Z4,2,11,65,0
Z4,2,12,77,0
Z4,2,13,63,0
Z4,2,14,70,0
Z4,2,15,60,0
Z4,2,16,73,0
Z4,2,17,74,0
Z4,2,18,79,0
Z4,2,19,69,0
Z4,2,20,66,0
Z4,2,21,71,0
Z4,2,22,64,0
Z4,2,23,77,0
Z4,3,0,73,0
Z4,3,1,72,0
Z4,3,2,75,0
Z4,3,3,65,0
Z4,3,4,64,0
Z4,3,5,69,0
Z4,3,6,71,0
Z4,3,7,73,0
Z4,3,8,70,0
Z4,3,9,67,0
Z4,3,10,74,0
Z4,3,11,74,0
Z4,3,12,67,0
Z4,3,13,69,0
Z4,3,14,72,0
Z4,3,15,80,0
Z4,3,16,60,0
Z4,3,17,75,0
Z4,3,18,68,0
Z4,3,19,78,0
Z4,3,20,78,0
Z4,3,21,67,0
Z4,3,22,65,0
Z4,3,23,74,0
Z4,4,0,75,0
Z4,4,1,73,0
Z4,4,2,60,0
Z4,4,3,62,0
Z4,4,4,71,0
Z4,4,5,68,0
Z4,4,6,62,0
Z4,4,7,70,0
Z4,4,8,69,0
Z4,4,9,79,0
Z4,4,10,65,0
Z4,4,11,69,0
Z4,4,12,77,0
Z4,4,13,71,0
Z4,4,14,61,0
Z4,4,15,62,0
Z4,4,16,66,0
Z4,4,17,67,0
Z4,4,18,70,0
Z4,4,19,67,0
Z4,4,20,77,0
Z4,4,21,75,0
Z4,4,22,61,0
Z4,4,23,65,0
Z4,5,0,77,0
Z4,5,1,66,0
Z4,5,2,70,0
Z4,5,3,78,0
Z4,5,4,74,0
Z4,5,5,64,0
Z4,5,6,60,0
Z4,5,7,68,0
Z4,5,8,66,0
Z4,5,9,76,0
Z4,5,10,71,0
Z4,5,11,78,0
Z4,5,12,64,0
Z4,5,13,66,0
Z4,5,14,71,0
Z4,5,15,73,0
Z4,5,16,66,0
Z4,5,17,63,0
Z4,5,18,75,0
Z4,5,19,70,0
Z4,5,20,62,0
Z4,5,21,79,0
Z4,5,22,77,0
Z4,5,23,79,0
Z4,6,0,70,1
Z4,6,1,66,1
Z4,6,2,61,1
Z4,6,3,67,1
Z4,6,4,63,1
Z4,6,5,70,1
Z4,6,6,60,1
Z4,6,7,75,1
Z4,6,8,73,1
Z4,6,9,61,1
Z4,6,10,67,1
Z4,6,11,75,1
Z4,6,12,77,1
Z4,6,13,69,1
Z4,6,14,67,1
Z4,6,15,73,1
Z4,6,16,78,1
Z4,6,17,66,1
Z4,6,18,63,1
Z4,6,19,70,1
Z4,6,20,71,1
Z4,6,21,80,1
Z4,6,22,74,1
Z4,6,23,61,1
Z4,7,0,75,1
Z4,7,1,80,1
Z4,7,2,77,1
Z4,7,3,72,1
Z4,7,4,66,1
Z4,7,5,64,1
Z4,7,6,66,1
Z4,7,7,71,1
Z4,7,8,76,1
Z4,7,9,62,1
Z4,7,10,60,1
Z4,7,11,79,1
Z4,7,12,72,1
Z4,7,13,74,1
Z4,7,14,63,1
Z4,7,15,60,1
Z4,7,16,80,1
Z4,7,17,67,1
Z4,7,18,67,1
Z4,7,19,70,1
Z4,7,20,74,1
Z4,7,21,64,1
Z4,7,22,65,1
Z4,7,23,65,1
Z4,8,0,63,0
Z4,8,1,76,0
Z4,8,2,76,0
Z4,8,3,78,0
Z4,8,4,63,0
Z4,8,5,75,0
Z4,8,6,72,0
Z4,8,7,75,0
Z4,8,8,72,0
Z4,8,9,73,0
Z4,8,10,74,0
Z4,8,11,73,0
Z4,8,12,64,0
Z4,8,13,66,0
Z4,8,14,76,0
Z4,8,15,77,0
Z4,8,16,67,0
Z4,8,17,72,0
Z4,8,18,72,0
Z4,8,19,74,0
Z4,8,20,69,0
Z4,8,21,60,0
Z4,8,22,61,0
Z4,8,23,76,0
Z4,9,0,70,0
Z4,9,1,65,0
Z4,9,2,63,0
Z4,9,3,73,0
Z4,9,4,64,0
Z4,9,5,64,0
Z4,9,6,66,0
Z4,9,7,67,0
Z4,9,8,65,0
Z4,9,9,76,0
Z4,9,10,65,0
Z4,9,11,67,0
Z4,9,12,67,0
Z4,9,13,69,0
Z4,9,14,63,0
Z4,9,15,60,0
Z4,9,16,74,0
Z4,9,17,67,0
Z4,9,18,63,0
Z4,9,19,65,0
Z4,9,20,60,0
Z4,9,21,71,0
Z4,9,22,65,0
Z4,9,23,72,0
Z4,10,0,69,0
Z4,10,1,75,0
Z4,10,2,73,0
Z4,10,3,65,0
Z4,10,4,77,0
Z4,10,5,79,0
Z4,10,6,74,0
Z4,10,7,65,0
Z4,10,8,64,0
Z4,10,9,74,0
Z4,10,10,75,0
Z4,10,11,72,0
Z4,10,12,71,0
Z4,10,13,64,0
Z4,10,14,64,0
Z4,10,15,64,0
Z4,10,16,65,0
Z4,10,17,76,0
Z4,10,18,65,0
Z4,10,19,80,0
Z4,10,20,64,0
Z4,10,21,60,0
Z4,10,22,62,0
Z4,10,23,80,0
Z4,11,0,77,0
Z4,11,1,79,0
Z4,11,2,70,0
Z4,11,3,75,0
Z4,11,4,74,0
Z4,11,5,68,0
Z4,11,6,67,0
Z4,11,7,61,0
Z4,11,8,65,0
Z4,11,9,76,0
Z4,11,10,62,0
Z4,11,11,60,0
Z4,11,12,64,0
Z4,11,13,67,0
Z4,11,14,78,0
Z4,11,15,80,0
Z4,11,16,71,0
Z4,11,17,63,0
Z4,11,18,77,0
Z4,11,19,68,0
Z4,11,20,71,0
Z4,11,21,68,0
Z4,11,22,67,0
Z4,11,23,75,0
Z4,12,0,79,0
Z4,12,1,79,0
Z4,12,2,63,0
Z4,12,3,73,0
Z4,12,4,62,0
Z4,12,5,64,0
Z4,12,6,70,0
Z4,12,7,75,0
Z4,12,8,67,0
Z4,12,9,77,0
Z4,12,10,65,0
Z4,12,11,75,0
Z4,12,12,65,0
Z4,12,13,63,0
Z4,12,14,78,0
Z4,12,15,72,0
Z4,12,16,77,0
Z4,12,17,73,0
Z4,12,18,70,0
Z4,12,19,63,0
Z4,12,20,76,0
Z4,12,21,73,0
Z4,12,22,74,0
Z4,12,23,62,0
Z4,13,0,62,1
Z4,13,1,80,1
Z4,13,2,71,1
Z4,13,3,77,1
Z4,13,4,79,1
Z4,13,5,72,1
Z4,13,6,77,1
Z4,13,7,67,1
Z4,13,8,63,1
Z4,13,9,79,1
Z4,13,10,71,1
Z4,13,11,67,1
Z4,13,12,64,1
Z4,13,13,73,1
Z4,13,14,77,1
Z4,13,15,72,1
Z4,13,16,64,1
Z4,13,17,78,1
Z4,13,18,69,1
Z4,13,19,67,1
Z4,13,20,79,1
Z4,13,21,61,1
Z4,13,22,76,1
Z4,13,23,76,1
Z4,14,0,76,1
Z4,14,1,65,1
Z4,14,2,62,1
Z4,14,3,67,1
Z4,14,4,73,1
Z4,14,5,63,1
Z4,14,6,77,1
Z4,14,7,78,1
Z4,14,8,80,1
Z4,14,9,66,1
Z4,14,10,71,1
Z4,14,11,74,1
Z4,14,12,80,1
Z4,14,13,64,1
Z4,14,14,61,1
Z4,14,15,68,1
Z4,14,16,77,1
Z4,14,17,67,1
Z4,14,18,72,1
Z4,14,19,65,1
Z4,14,20,71,1
Z4,14,21,75,1
Z4,14,22,74,1
Z4,14,23,77,1
Z4,15,0,74,0
Z4,15,1,65,0
Z4,15,2,68,0
Z4,15,3,68,0
Z4,15,4,69,0
Z4,15,5,65,0
Z4,15,6,61,0
Z4,15,7,70,0
Z4,15,8,61,0
Z4,15,9,68,0
Z4,15,10,60,0
Z4,15,11,76,0
Z4,15,12,70,0
Z4,15,13,64,0
Z4,15,14,72,0
Z4,15,15,65,0
Z4,15,16,74,0
Z4,15,17,60,0
Z4,15,18,73,0
Z4,15,19,66,0
Z4,15,20,70,0
Z4,15,21,70,0
Z4,15,22,79,0
Z4,15,23,72,0
Z4,16,0,62,0
Z4,16,1,75,0
Z4,16,2,60,0
Z4,16,3,76,0
Z4,16,4,62,0
Z4,16,5,61,0
Z4,16,6,68,0
Z4,16,7,64,0
Z4,16,8,74,0
Z4,16,9,75,0
Z4,16,10,71,0
Z4,16,11,79,0
Z4,16,12,76,0
Z4,16,13,68,0
Z4,16,14,66,0
Z4,16,15,64,0
Z4,16,16,78,0
Z4,16,17,61,0
Z4,16,18,61,0
Z4,16,19,64,0
Z4,16,20,73,0
Z4,16,21,75,0
Z4,16,22,73,0
Z4,16,23,71,0
Z4,17,0,67,0
Z4,17,1,67,0
Z4,17,2,68,0
Z4,17,3,62,0
Z4,17,4,80,0
Z4,17,5,60,0
Z4,17,6,74,0
Z4,17,7,78,0
Z4,17,8,71,0
Z4,17,9,71,0
Z4,17,10,73,0
Z4,17,11,65,0
Z4,17,12,64,0
Z4,17,13,70,0
Z4,17,14,76,0
Z4,17,15,63,0
Z4,17,16,72,0
Z4,17,17,80,0
Z4,17,18,77,0
Z4,17,19,74,0
Z4,17,20,64,0
Z4,17,21,70,0
Z4,17,22,62,0
Z4,17,23,65,0
Z4,18,0,70,0
Z4,18,1,77,0
Z4,18,2,69,0
Z4,18,3,62,0
Z4,18,4,70,0
Z4,18,5,61,0
Z4,18,6,75,0
Z4,18,7,77,0
Z4,18,8,74,0
Z4,18,9,72,0
Z4,18,10,77,0
Z4,18,11,62,0
Z4,18,12,79,0
Z4,18,13,64,0
Z4,18,14,66,0
Z4,18,15,79,0
Z4,18,16,78,0
Z4,18,17,77,0
Z4,18,18,73,0
Z4,18,19,75,0
Z4,18,20,80,0
Z4,18,21,73,0
Z4,18,22,71,0
Z4,18,23,76,0
Z4,19,0,62,0
Z4,19,1,79,0
Z4,19,2,69,0
Z4,19,3,76,0
Z4,19,4,60,0
Z4,19,5,71,0
Z4,19,6,74,0
Z4,19,7,76,0
Z4,19,8,62,0
Z4,19,9,69,0
Z4,19,10,64,0
Z4,19,11,70,0
Z4,19,12,72,0
Z4,19,13,75,0
Z4,19,14,78,0
Z4,19,15,63,0
Z4,19,16,65,0
Z4,19,17,69,0
Z4,19,18,65,0
Z4,19,19,74,0
Z4,19,20,61,0
Z4,19,21,64,0
Z4,19,22,67,0
Z4,19,23,78,0
Z4,20,0,78,1
Z4,20,1,68,1
Z4,20,2,77,1
Z4,20,3,69,1
Z4,20,4,74,1
Z4,20,5,65,1
Z4,20,6,76,1
Z4,20,7,75,1
Z4,20,8,60,1
Z4,20,9,60,1
Z4,20,10,73,1
Z4,20,11,78,1
Z4,20,12,76,1
Z4,20,13,73,1
Z4,20,14,69,1
Z4,20,15,69,1
Z4,20,16,73,1
Z4,20,17,80,1
Z4,20,18,68,1
Z4,20,19,67,1
Z4,20,20,65,1
Z4,20,21,71,1
Z4,20,22,74,1
Z4,20,23,66,1
Z4,21,0,68,1
Z4,21,1,76,1
Z4,21,2,76,1
Z4,21,3,70,1
Z4,21,4,78,1
Z4,21,5,77,1
Z4,21,6,69,1
Z4,21,7,64,1
Z4,21,8,76,1
Z4,21,9,72,1
Z4,21,10,69,1
Z4,21,11,62,1
Z4,21,12,65,1
Z4,21,13,62,1
Z4,21,14,68,1
Z4,21,15,72,1
Z4,21,16,77,1
Z4,21,17,75,1
Z4,21,18,72,1
Z4,21,19,64,1
Z4,21,20,62,1
Z4,21,21,70,1
Z4,21,22,73,1
Z4,21,23,62,1
Z4,22,0,60,0
Z4,22,1,72,0
Z4,22,2,69,0
Z4,22,3,73,0
Z4,22,4,80,0
Z4,22,5,66,0
Z4,22,6,60,0
Z4,22,7,70,0
Z4,22,8,61,0
Z4,22,9,69,0
Z4,22,10,75,0
Z4,22,11,80,0
Z4,22,12,66,0
Z4,22,13,63,0
Z4,22,14,70,0
Z4,22,15,80,0
Z4,22,16,62,0
Z4,22,17,62,0
Z4,22,18,63,0
Z4,22,19,75,0
Z4,22,20,79,0
Z4,22,21,79,0
Z4,22,22,78,0
Z4,22,23,67,0
Z4,23,0,62,0
Z4,23,1,77,0
Z4,23,2,80,0
Z4,23,3,65,0
Z4,23,4,73,0
Z4,23,5,64,0
Z4,23,6,80,0
Z4,23,7,63,0
Z4,23,8,79,0
Z4,23,9,80,0
Z4,23,10,68,0
Z4,23,11,68,0
Z4,23,12,64,0
Z4,23,13,79,0
Z4,23,14,76,0
Z4,23,15,70,0
Z4,23,16,64,0
Z4,23,17,67,0
Z4,23,18,79,0
Z4,23,19,64,0
Z4,23,20,79,0
Z4,23,21,69,0
Z4,23,22,80,0
Z4,23,23,76,0
Z4,24,0,61,0
Z4,24,1,64,0
Z4,24,2,66,0
Z4,24,3,76,0
Z4,24,4,64,0
Z4,24,5,80,0
Z4,24,6,61,0
Z4,24,7,60,0
Z4,24,8,78,0
Z4,24,9,80,0
Z4,24,10,71,0
Z4,24,11,77,0
Z4,24,12,61,0
Z4,24,13,80,0
Z4,24,14,69,0
Z4,24,15,60,0
Z4,24,16,77,0
Z4,24,17,74,0
Z4,24,18,76,0
Z4,24,19,63,0
Z4,24,20,62,0
Z4,24,21,67,0
Z4,24,22,76,0
Z4,24,23,67,0
Z4,25,0,62,0
Z4,25,1,65,0
Z4,25,2,69,0
Z4,25,3,71,0
Z4,25,4,60,0
Z4,25,5,79,0
Z4,25,6,73,0
Z4,25,7,74,0
Z4,25,8,70,0
Z4,25,9,66,0
Z4,25,10,65,0
Z4,25,11,72,0
Z4,25,12,79,0
Z4,25,13,72,0
Z4,25,14,69,0
Z4,25,15,79,0
Z4,25,16,79,0
Z4,25,17,68,0
Z4,25,18,78,0
Z4,25,19,71,0
Z4,25,20,66,0
Z4,25,21,60,0
Z4,25,22,80,0
Z4,25,23,67,0
Z4,26,0,77,0
Z4,26,1,66,0
Z4,26,2,70,0
Z4,26,3,72,0
Z4,26,4,79,0
Z4,26,5,65,0
Z4,26,6,67,0
Z4,26,7,78,0
Z4,26,8,61,0
Z4,26,9,61,0
Z4,26,10,69,0
Z4,26,11,67,0
Z4,26,12,63,0
Z4,26,13,79,0
Z4,26,14,73,0
Z4,26,15,60,0
Z4,26,16,76,0
Z4,26,17,61,0
Z4,26,18,65,0
Z4,26,19,62,0
Z4,26,20,69,0
Z4,26,21,77,0
Z4,26,22,70,0
Z4,26,23,61,0
Z4,27,0,76,1
Z4,27,1,70,1
Z4,27,2,61,1
Z4,27,3,75,1
Z4,27,4,76,1
Z4,27,5,63,1
Z4,27,6,62,1
Z4,27,7,73,1
Z4,27,8,71,1
Z4,27,9,76,1
Z4,27,10,74,1
Z4,27,11,63,1
Z4,27,12,68,1
Z4,27,13,78,1
Z4,27,14,70,1
Z4,27,15,70,1
Z4,27,16,66,1
Z4,27,17,61,1
Z4,27,18,64,1
Z4,27,19,80,1
Z4,27,20,67,1
Z4,27,21,66,1
Z4,27,22,67,1
Z4,27,23,75,1
Z4,28,0,64,1
Z4,28,1,79,1
Z4,28,2,74,1
Z4,28,3,70,1
Z4,28,4,72,1
Z4,28,5,76,1
Z4,28,6,67,1
Z4,28,7,65,1
Z4,28,8,68,1
Z4,28,9,79,1
Z4,28,10,74,1
Z4,28,11,64,1
Z4,28,12,63,1
Z4,28,13,77,1
Z4,28,14,73,1
Z4,28,15,70,1
Z4,28,16,65,1
Z4,28,17,65,1
Z4,28,18,68,1
Z4,28,19,65,1
Z4,28,20,71,1
Z4,28,21,60,1
Z4,28,22,67,1
Z4,28,23,64,1
Z4,29,0,68,0
Z4,29,1,77,0
Z4,29,2,80,0
Z4,29,3,74,0
Z4,29,4,66,0
Z4,29,5,64,0
Z4,29,6,80,0
Z4,29,7,64,0
Z4,29,8,64,0
Z4,29,9,76,0
Z4,29,10,63,0
Z4,29,11,61,0
Z4,29,12,65,0
Z4,29,13,69,0
Z4,29,14,73,0
Z4,29,15,72,0
Z4,29,16,79,0
Z4,29,17,76,0
Z4,29,18,61,0
Z4,29,19,68,0
Z4,29,20,78,0
Z4,29,21,80,0
Z4,29,22,77,0
Z4,29,23,66,0
Z4,30,0,74,0
Z4,30,1,70,0
Z4,30,2,80,0
Z4,30,3,69,0
Z4,30,4,74,0
Z4,30,5,64,0
Z4,30,6,77,0
Z4,30,7,71,0
Z4,30,8,75,0
Z4,30,9,71,0
Z4,30,10,77,0
Z4,30,11,68,0
Z4,30,12,69,0
Z4,30,13,78,0
Z4,30,14,69,0
Z4,30,15,65,0
Z4,30,16,67,0
Z4,30,17,78,0
Z4,30,18,75,0
Z4,30,19,66,0
Z4,30,20,62,0
Z4,30,21,80,0
Z4,30,22,76,0
Z4,30,23,68,0
Z5,1,0,47,0
Z5,1,1,48,0
Z5,1,2,32,0
Z5,1,3,32,0
Z5,1,4,40,0
Z5,1,5,32,0
Z5,1,6,50,0
Z5,1,7,78,0
Z5,1,8,73,0
Z5,1,9,74,0
Z5,1,10,48,0
Z5,1,11,31,0
Z5,1,12,35,0
Z5,1,13,40,0
Z5,1,14,42,0
Z5,1,15,37,0
Z5,1,16,37,0
Z5,1,17,73,0
Z5,1,18,73,0
Z5,1,19,72,0
Z5,1,20,37,0
Z5,1,21,30,0
Z5,1,22,37,0
Z5,1,23,44,0
Z5,2,0,43,0
Z5,2,1,30,0
Z5,2,2,31,0
Z5,2,3,45,0
Z5,2,4,31,0
Z5,2,5,32,0
Z5,2,6,49,0
Z5,2,7,70,0
Z5,2,8,73,0
Z5,2,9,74,0
Z5,2,10,37,0
Z5,2,11,32,0
Z5,2,12,48,0
Z5,2,13,47,0
Z5,2,14,48,0
Z5,2,15,49,0
Z5,2,16,41,0
Z5,2,17,83,0
Z5,2,18,71,0
Z5,2,19,78,0
Z5,2,20,38,0
Z5,2,21,34,0
Z5,2,22,30,0
Z5,2,23,32,0
Z5,3,0,49,0
Z5,3,1,46,0
Z5,3,2,42,0
Z5,3,3,32,0
Z5,3,4,30,0
Z5,3,5,41,0
Z5,3,6,43,0
Z5,3,7,88,0
Z5,3,8,88,0
Z5,3,9,72,0
Z5,3,10,41,0
Z5,3,11,30,0
Z5,3,12,35,0
Z5,3,13,39,0
Z5,3,14,44,0
Z5,3,15,38,0
Z5,3,16,48,0
Z5,3,17,90,0
Z5,3,18,72,0
Z5,3,19,81,0
Z5,3,20,35,0
Z5,3,21,47,0
Z5,3,22,34,0
Z5,3,23,37,0
Z5,4,0,33,0
Z5,4,1,44,0
Z5,4,2,37,0
Z5,4,3,47,0
Z5,4,4,37,0
Z5,4,5,47,0
Z5,4,6,49,0
Z5,4,7,84,0
Z5,4,8,84,0
Z5,4,9,79,0
Z5,4,10,36,0
Z5,4,11,47,0
Z5,4,12,38,0
Z5,4,13,31,0
Z5,4,14,47,0
Z5,4,15,35,0
Z5,4,16,33,0
Z5,4,17,74,0
Z5,4,18,75,0
Z5,4,19,88,0
Z5,4,20,50,0
Z5,4,21,35,0
Z5,4,22,45,0
Z5,4,23,42,0
Z5,5,0,49,0
Z5,5,1,49,0
Z5,5,2,44,0
Z5,5,3,31,0
Z5,5,4,46,0
Z5,5,5,30,0
Z5,5,6,39,0
Z5,5,7,88,0
Z5,5,8,86,0
Z5,5,9,76,0
Z5,5,10,48,0
Z5,5,11,42,0
Z5,5,12,33,0
Z5,5,13,31,0
Z5,5,14,34,0
Z5,5,15,42,0
Z5,5,16,30,0
Z5,5,17,81,0
Z5,5,18,72,0
Z5,5,19,87,0
Z5,5,20,43,0
Z5,5,21,44,0
Z5,5,22,38,0
Z5,5,23,32,0
Z5,6,0,36,1
Z5,6,1,46,1
Z5,6,2,47,1
Z5,6,3,46,1
Z5,6,4,44,1
Z5,6,5,36,1
Z5,6,6,30,1
Z5,6,7,89,1
Z5,6,8,75,1
Z5,6,9,88,1
Z5,6,10,46,1
Z5,6,11,42,1
Z5,6,12,37,1
Z5,6,13,36,1
Z5,6,14,36,1
Z5,6,15,47,1
Z5,6,16,48,1
Z5,6,17,88,1
Z5,6,18,77,1
Z5,6,19,71,1
Z5,6,20,40,1
Z5,6,21,50,1
Z5,6,22,36,1
Z5,6,23,35,1
Z5,7,0,35,1
Z5,7,1,33,1
Z5,7,2,43,1
Z5,7,3,36,1
Z5,7,4,46,1
Z5,7,5,34,1
Z5,7,6,50,1
Z5,7,7,90,1
Z5,7,8,83,1
Z5,7,9,81,1
Z5,7,10,39,1
Z5,7,11,42,1
Z5,7,12,38,1
Z5,7,13,33,1
Z5,7,14,48,1
Z5,7,15,31,1
Z5,7,16,48,1
Z5,7,17,84,1
Z5,7,18,82,1
Z5,7,19,71,1
Z5,7,20,37,1
Z5,7,21,44,1
Z5,7,22,34,1
Z5,7,23,41,1
Z5,8,0,43,0
Z5,8,1,39,0
Z5,8,2,46,0
Z5,8,3,41,0
Z5,8,4,35,0
Z5,8,5,38,0
Z5,8,6,36,0
Z5,8,7,88,0
Z5,8,8,89,0
Z5,8,9,76,0
Z5,8,10,36,0
Z5,8,11,48,0
Z5,8,12,49,0
Z5,8,13,34,0
Z5,8,14,40,0
Z5,8,15,35,0
Z5,8,16,42,0
Z5,8,17,90,0
Z5,8,18,73,0
Z5,8,19,90,0
Z5,8,20,30,0
Z5,8,21,50,0
Z5,8,22,47,0
Z5,8,23,34,0
Z5,9,0,38,0
Z5,9,1,45,0
Z5,9,2,50,0
Z5,9,3,47,0
Z5,9,4,30,0
Z5,9,5,33,0
Z5,9,6,42,0
Z5,9,7,75,0
Z5,9,8,75,0
Z5,9,9,70,0
Z5,9,10,36,0
Z5,9,11,47,0
Z5,9,12,39,0
Z5,9,13,38,0
Z5,9,14,44,0
Z5,9,15,39,0
Z5,9,16,43,0
Z5,9,17,85,0
Z5,9,18,77,0
Z5,9,19,71,0
Z5,9,20,39,0
Z5,9,21,33,0
Z5,9,22,34,0
Z5,9,23,50,0
Z5,10,0,31,0
Z5,10,1,39,0
Z5,10,2,34,0
Z5,10,3,32,0
Z5,10,4,40,0
Z5,10,5,41,0
Z5,10,6,37,0
Z5,10,7,73,0
Z5,10,8,82,0
Z5,10,9,78,0
Z5,10,10,38,0
Z5,10,11,38,0
Z5,10,12,49,0
Z5,10,13,46,0
Z5,10,14,37,0
Z5,10,15,41,0
Z5,10,16,46,0
Z5,10,17,73,0
Z5,10,18,82,0
Z5,10,19,77,0
Z5,10,20,32,0
Z5,10,21,45,0
Z5,10,22,42,0
Z5,10,23,41,0
Z5,11,0,37,0
Z5,11,1,50,0
Z5,11,2,50,0
Z5,11,3,49,0
Z5,11,4,50,0
Z5,11,5,49,0
Z5,11,6,45,0
Z5,11,7,90,0
Z5,11,8,76,0
Z5,11,9,84,0
Z5,11,10,39,0
Z5,11,11,30,0
Z5,11,12,42,0
Z5,11,13,31,0
Z5,11,14,39,0
Z5,11,15,30,0
Z5,11,16,33,0
Z5,11,17,89,0
Z5,11,18,76,0
Z5,11,19,70,0
Z5,11,20,39,0
Z5,11,21,31,0
Z5,11,22,46,0
Z5,11,23,34,0
Z5,12,0,33,0
Z5,12,1,47,0
Z5,12,2,37,0
Z5,12,3,35,0
Z5,12,4,48,0
Z5,12,5,43,0
Z5,12,6,31,0
Z5,12,7,78,0
Z5,12,8,86,0
Z5,12,9,86,0
Z5,12,10,45,0
Z5,12,11,39,0
Z5,12,12,46,0
Z5,12,13,36,0
Z5,12,14,50,0
Z5,12,15,48,0
Z5,12,16,34,0
Z5,12,17,87,0
Z5,12,18,87,0
Z5,12,19,71,0
Z5,12,20,50,0
Z5,12,21,41,0
Z5,12,22,38,0
Z5,12,23,49,0
Z5,13,0,34,1
Z5,13,1,50,1
Z5,13,2,46,1
Z5,13,3,33,1
Z5,13,4,50,1
Z5,13,5,41,1
Z5,13,6,50,1
Z5,13,7,87,1
Z5,13,8,85,1
Z5,13,9,80,1
Z5,13,10,36,1
Z5,13,11,31,1
Z5,13,12,34,1
Z5,13,13,44,1
Z5,13,14,45,1
Z5,13,15,33,1
Z5,13,16,36,1
Z5,13,17,81,1
Z5,13,18,76,1
Z5,13,19,84,1
Z5,13,20,30,1
Z5,13,21,43,1
Z5,13,22,30,1
Z5,13,23,36,1
Z5,14,0,41,1
Z5,14,1,47,1
Z5,14,2,36,1
Z5,14,3,42,1
Z5,14,4,43,1
Z5,14,5,32,1
Z5,14,6,42,1
Z5,14,7,70,1
Z5,14,8,82,1
Z5,14,9,76,1
Z5,14,10,48,1
Z5,14,11,35,1
Z5,14,12,35,1
Z5,14,13,49,1
Z5,14,14,38,1
Z5,14,15,42,1
Z5,14,16,36,1
Z5,14,17,85,1
Z5,14,18,80,1
Z5,14,19,74,1
Z5,14,20,39,1
Z5,14,21,40,1
Z5,14,22,37,1
Z5,14,23,36,1
Z5,15,0,45,0
Z5,15,1,43,0
Z5,15,2,40,0
Z5,15,3,41,0
Z5,15,4,30,0
Z5,15,5,32,0
Z5,15,6,36,0
Z5,15,7,88,0
Z5,15,8,89,0
Z5,15,9,83,0
Z5,15,10,41,0
Z5,15,11,46,0
Z5,15,12,48,0
Z5,15,13,42,0
Z5,15,14,30,0
Z5,15,15,34,0
Z5,15,16,38,0
Z5,15,17,70,0
Z5,15,18,89,0
Z5,15,19,78,0
Z5,15,20,50,0
Z5,15,21,37,0
Z5,15,22,47,0
Z5,15,23,44,0
Z5,16,0,40,0
Z5,16,1,37,0
Z5,16,2,38,0
Z5,16,3,31,0
Z5,16,4,35,0
Z5,16,5,45,0
Z5,16,6,45,0
Z5,16,7,77,0
Z5,16,8,71,0
Z5,16,9,73,0
Z5,16,10,42,0
Z5,16,11,36,0
Z5,16,12,46,0
Z5,16,13,45,0
Z5,16,14,49,0
Z5,16,15,46,0
Z5,16,16,30,0
Z5,16,17,84,0
Z5,16,18,86,0
Z5,16,19,80,0
Z5,16,20,36,0
Z5,16,21,39,0
Z5,16,22,37,0
Z5,16,23,47,0
Z5,17,0,50,0
Z5,17,1,32,0
Z5,17,2,33,0
Z5,17,3,45,0
Z5,17,4,38,0
Z5,17,5,35,0
Z5,17,6,45,0
Z5,17,7,80,0
Z5,17,8,87,0
Z5,17,9,78,0
Z5,17,10,33,0
Z5,17,11,35,0
Z5,17,12,44,0
Z5,17,13,46,0
Z5,17,14,32,0
Z5,17,15,42,0
Z5,17,16,39,0
Z5,17,17,86,0
Z5,17,18,85,0
Z5,17,19,78,0
Z5,17,20,43,0
Z5,17,21,41,0
Z5,17,22,49,0
Z5,17,23,32,0
Z5,18,0,39,0
Z5,18,1,44,0
Z5,18,2,32,0
Z5,18,3,35,0
Z5,18,4,38,0
Z5,18,5,32,0
Z5,18,6,48,0
Z5,18,7,89,0
Z5,18,8,78,0
Z5,18,9,86,0
Z5,18,10,30,0
Z5,18,11,45,0
Z5,18,12,38,0
Z5,18,13,34,0
Z5,18,14,50,0
Z5,18,15,47,0
Z5,18,16,36,0
Z5,18,17,80,0
Z5,18,18,86,0
Z5,18,19,87,0
Z5,18,20,30,0
Z5,18,21,43,0
Z5,18,22,32,0
Z5,18,23,31,0
Z5,19,0,40,0
Z5,19,1,35,0
Z5,19,2,31,0
Z5,19,3,30,0
Z5,19,4,34,0
Z5,19,5,35,0
Z5,19,6,36,0
Z5,19,7,80,0
Z5,19,8,71,0
Z5,19,9,84,0
Z5,19,10,30,0
Z5,19,11,36,0
Z5,19,12,50,0
Z5,19,13,33,0
Z5,19,14,44,0
Z5,19,15,32,0
Z5,19,16,40,0
Z5,19,17,76,0
Z5,19,18,80,0
Z5,19,19,72,0
Z5,19,20,48,0
Z5,19,21,33,0
Z5,19,22,34,0
Z5,19,23,47,0
Z5,20,0,33,1
Z5,20,1,48,1
Z5,20,2,36,1
Z5,20,3,33,1
Z5,20,4,42,1
Z5,20,5,45,1
Z5,20,6,50,1
Z5,20,7,78,1
Z5,20,8,71,1
Z5,20,9,73,1
Z5,20,10,43,1
Z5,20,11,37,1
Z5,20,12,43,1
Z5,20,13,49,1
Z5,20,14,34,1
Z5,20,15,42,1
Z5,20,16,45,1
Z5,20,17,88,1
Z5,20,18,77,1
Z5,20,19,70,1
Z5,20,20,45,1
Z5,20,21,35,1
Z5,20,22,36,1
Z5,20,23,44,1
Z5,21,0,37,1
Z5,21,1,45,1
Z5,21,2,38,1
Z5,21,3,49,1
Z5,21,4,46,1
Z5,21,5,36,1
Z5,21,6,30,1
Z5,21,7,75,1
Z5,21,8,77,1
Z5,21,9,87,1
Z5,21,10,33,1
Z5,21,11,41,1
Z5,21,12,32,1
Z5,21,13,35,1
Z5,21,14,30,1
Z5,21,15,50,1
Z5,21,16,46,1
Z5,21,17,90,1
Z5,21,18,88,1
Z5,21,19,86,1
Z5,21,20,43,1
Z5,21,21,40,1
Z5,21,22,50,1
Z5,21,23,44,1
Z5,22,0,38,0
Z5,22,1,44,0
Z5,22,2,44,0
Z5,22,3,50,0
Z5,22,4,30,0
Z5,22,5,34,0
Z5,22,6,44,0
Z5,22,7,89,0
Z5,22,8,90,0
Z5,22,9,80,0
Z5,22,10,50,0
Z5,22,11,38,0
Z5,22,12,30,0
Z5,22,13,50,0
Z5,22,14,50,0
Z5,22,15,44,0
Z5,22,16,41,0
Z5,22,17,83,0
Z5,22,18,81,0
Z5,22,19,72,0
Z5,22,20,32,0
Z5,22,21,39,0
Z5,22,22,35,0
Z5,22,23,50,0
Z5,23,0,44,0
Z5,23,1,35,0
Z5,23,2,38,0
Z5,23,3,36,0
Z5,23,4,46,0
Z5,23,5,38,0
Z5,23,6,39,0
Z5,23,7,84,0
Z5,23,8,81,0
Z5,23,9,71,0
Z5,23,10,38,0
Z5,23,11,46,0
Z5,23,12,31,0
Z5,23,13,30,0
Z5,23,14,44,0
Z5,23,15,48,0
Z5,23,16,32,0
Z5,23,17,87,0
Z5,23,18,86,0
Z5,23,19,79,0
Z5,23,20,45,0
Z5,23,21,50,0
Z5,23,22,49,0
Z5,23,23,44,0
Z5,24,0,38,0
Z5,24,1,30,0
Z5,24,2,35,0
Z5,24,3,48,0
Z5,24,4,33,0
Z5,24,5,49,0
Z5,24,6,33,0
Z5,24,7,77,0
Z5,24,8,77,0
Z5,24,9,70,0
Z5,24,10,49,0
Z5,24,11,41,0
Z5,24,12,41,0
Z5,24,13,50,0
Z5,24,14,48,0
Z5,24,15,35,0
Z5,24,16,32,0
Z5,24,17,82,0
Z5,24,18,80,0
Z5,24,19,79,0
Z5,24,20,33,0
Z5,24,21,32,0
Z5,24,22,48,0
Z5,24,23,45,0
Z5,25,0,49,0
Z5,25,1,32,0
Z5,25,2,36,0
Z5,25,3,41,0
Z5,25,4,44,0
Z5,25,5,44,0
Z5,25,6,46,0
Z5,25,7,81,0
Z5,25,8,83,0
Z5,25,9,70,0
Z5,25,10,48,0
Z5,25,11,45,0
Z5,25,12,33,0
Z5,25,13,46,0
Z5,25,14,40,0
Z5,25,15,50,0
Z5,25,16,47,0
Z5,25,17,88,0
Z5,25,18,76,0
Z5,25,19,89,0
Z5,25,20,41,0
Z5,25,21,38,0
Z5,25,22,43,0
Z5,25,23,42,0
Z5,26,0,48,0
Z5,26,1,50,0
Z5,26,2,48,0
Z5,26,3,47,0
Z5,26,4,50,0
Z5,26,5,45,0
Z5,26,6,42,0
Z5,26,7,78,0
Z5,26,8,88,0
Z5,26,9,86,0
Z5,26,10,31,0
Z5,26,11,41,0
Z5,26,12,45,0
Z5,26,13,41,0
Z5,26,14,32,0
Z5,26,15,43,0
Z5,26,16,38,0
Z5,26,17,85,0
Z5,26,18,80,0
Z5,26,19,85,0
Z5,26,20,49,0
Z5,26,21,43,0
Z5,26,22,34,0
Z5,26,23,36,0
Z5,27,0,37,1
Z5,27,1,45,1
Z5,27,2,33,1
Z5,27,3,34,1
Z5,27,4,31,1
Z5,27,5,50,1
Z5,27,6,33,1
Z5,27,7,87,1
Z5,27,8,87,1
Z5,27,9,82,1
Z5,27,10,39,1
Z5,27,11,40,1
Z5,27,12,33,1
Z5,27,13,34,1
Z5,27,14,36,1
Z5,27,15,35,1
Z5,27,16,42,1
Z5,27,17,77,1
Z5,27,18,81,1
Z5,27,19,81,1
Z5,27,20,42,1
Z5,27,21,48,1
Z5,27,22,32,1
Z5,27,23,38,1
Z5,28,0,39,1
Z5,28,1,40,1
Z5,28,2,33,1
Z5,28,3,47,1
Z5,28,4,48,1
Z5,28,5,30,1
Z5,28,6,45,1
Z5,28,7,72,1
Z5,28,8,78,1
Z5,28,9,84,1
Z5,28,10,50,1
Z5,28,11,47,1
Z5,28,12,46,1
Z5,28,13,41,1
Z5,28,14,46,1
Z5,28,15,44,1
Z5,28,16,35,1
Z5,28,17,79,1
Z5,28,18,84,1
Z5,28,19,83,1
Z5,28,20,45,1
Z5,28,21,42,1
Z5,28,22,33,1
Z5,28,23,37,1
Z5,29,0,49,0
Z5,29,1,34,0
Z5,29,2,38,0
Z5,29,3,34,0
Z5,29,4,39,0
Z5,29,5,33,0
Z5,29,6,42,0
Z5,29,7,70,0
Z5,29,8,80,0
Z5,29,9,74,0
Z5,29,10,43,0
Z5,29,11,43,0
Z5,29,12,48,0
Z5,29,13,35,0
Z5,29,14,41,0
Z5,29,15,50,0
Z5,29,16,30,0
Z5,29,17,82,0
Z5,29,18,81,0
Z5,29,19,81,0
Z5,29,20,40,0
Z5,29,21,36,0
Z5,29,22,34,0
Z5,29,23,37,0
Z5,30,0,45,0
Z5,30,1,33,0
Z5,30,2,45,0
Z5,30,3,43,0
Z5,30,4,30,0
Z5,30,5,37,0
Z5,30,6,39,0
Z5,30,7,82,0
Z5,30,8,79,0
Z5,30,9,85,0
Z5,30,10,36,0
Z5,30,11,45,0
Z5,30,12,42,0
Z5,30,13,39,0
Z5,30,14,31,0
Z5,30,15,39,0
Z5,30,16,43,0
Z5,30,17,70,0
Z5,30,18,76,0
Z5,30,19,84,0
Z5,30,20,45,0
Z5,30,21,36,0
Z5,30,22,34,0
Z5,30,23,47,0
